CQR Pct in range,CQR Avg length,Runtime
91.91685912240185,0.1841922300824957,1.9483173750002152
91.68591224018475,0.18376352325631637,1.7304183379999358
90.30023094688222,0.18028736092734726,0.9700882619999902
91.22401847575058,0.182096093704059,0.9654261309999583
93.53348729792148,0.18685967343707718,0.9572417609999775
91.68591224018475,0.18381185233968728,0.9640425100001266
92.60969976905312,0.18538191655820505,0.9544137699999737
90.76212471131639,0.18092304914199114,0.9534834610001326
93.99538106235565,0.18741621478016077,0.9561696310001935
90.06928406466513,0.18111659936268446,0.9517619400000967
88.68360277136259,0.1769214740283979,0.958393100999956
91.91685912240185,0.18408239012043828,0.9598105609998129
93.76443418013857,0.18636801018872123,0.9600771800000985
90.30023094688222,0.18021699618835366,0.9536779599998226
91.91685912240185,0.18413316898295587,0.9562279610001951
90.76212471131639,0.1808391484874145,0.9737024720000136
88.68360277136259,0.17728587294764134,0.9564526709998518
93.30254041570439,0.1866884608901473,0.9584923509999044
92.37875288683603,0.1854605086996313,0.958499841000048
90.06928406466513,0.18081148906612243,0.9590112509999926
91.22401847575058,0.18318340061091212,0.9666759009999168
89.37644341801386,0.1789063286614584,0.957177381999827
89.37644341801386,0.1791282412289502,0.9690399309999975
90.06928406466513,0.1804770964283859,0.9603139620001002
93.30254041570439,0.18687414384262302,0.9706645409999055
91.91685912240185,0.18414001117384068,0.9641396819999954
90.5311778290993,0.18074661024929212,0.9741058729998713
90.06928406466513,0.1807216695559575,0.963614041000028
92.60969976905312,0.18534249264991434,0.9613755010000204
92.60969976905312,0.18513806291418478,0.9540876010000829
91.91685912240185,0.18462759962664826,0.9514767509999729
90.99307159353349,0.18183895853134777,0.96109981099994
91.68591224018475,0.18426299018092282,0.9547957009999664
91.45496535796767,0.18168150707562528,0.9579977920000147
92.8406466512702,0.18589077849038804,0.9552032609999515
91.22401847575058,0.182351047504027,0.9576311610001085
92.60969976905312,0.18572608419127337,0.9549920909998946
89.37644341801386,0.17925336481340262,0.9695325319999029
94.68822170900692,0.18822806361278874,0.9524970500001473
93.30254041570439,0.18658703140946345,0.956127830000014
89.83833718244803,0.18000668387928995,0.9591116110000257
90.76212471131639,0.18225430359792089,0.9627496010000414
91.45496535796767,0.18169524123159583,1.262497933000077
93.76443418013857,0.1872333729071818,1.1223596629999975
92.8406466512702,0.18602035750130919,0.9645803720000004
92.8406466512702,0.1851176019315272,0.9608968110001115
92.14780600461894,0.1844222506056155,0.9630963710001197
88.45265588914549,0.176630859869821,0.9744877320001706
92.60969976905312,0.1844096660561392,0.96687902199983
90.76212471131639,0.18152005977094363,0.9589217010000084
92.14780600461894,0.18540114468830327,0.9691561109998474
89.60739030023095,0.17901230376093866,0.9676429709998047
89.37644341801386,0.17788902917968258,0.9656174619999547
90.76212471131639,0.18114284877894293,0.9609544429999914
94.22632794457274,0.1872812090901428,0.9681471799999599
92.14780600461894,0.18444473787029816,0.9509593399998266
90.76212471131639,0.18140530492901397,0.9626478989998759
89.37644341801386,0.17797219467843764,0.9603983589997824
89.60739030023095,0.17946859874715773,0.9819812609998735
89.60739030023095,0.17923717885555632,0.9642463699999553
91.68591224018475,0.18345600582092128,0.9673199399999248
87.06697459584296,0.17483737581051054,0.9797446099998979
92.60969976905312,0.1848195150430311,0.9696556699998382
91.45496535796767,0.18211769140815268,0.9691870200001631
91.45496535796767,0.18175874523133542,0.9677138700001251
92.60969976905312,0.18526109072781485,0.9685330909999266
90.76212471131639,0.18129148142159213,0.9699293110002145
90.30023094688222,0.18136046801834133,0.9654361899999913
90.99307159353349,0.181881817597025,0.9815945909999755
91.91685912240185,0.1840260684366827,0.9702052909999566
91.22401847575058,0.18149228931217048,0.9701107599998977
91.91685912240185,0.18442971797252525,0.9763024409999161
93.99538106235565,0.1872832565028022,0.9825698110000758
93.0715935334873,0.18586506971731603,0.976879030000191
88.45265588914549,0.17647380734117876,0.9734278199998698
90.5311778290993,0.1811917650203354,0.9738583609998841
90.5311778290993,0.18207046056418683,0.9707221399999071
89.37644341801386,0.17820999392534506,0.9717651299999943
90.76212471131639,0.18105878940914646,0.981659110999999
87.29792147806005,0.1758776678476333,0.9854201609998654
89.14549653579677,0.17669613250255745,0.973565950999955
90.06928406466513,0.18088678388353582,0.9703034100000423
92.37875288683603,0.18476111734408562,0.9746883010000147
90.99307159353349,0.1814998154689999,0.9742148909999742
91.91685912240185,0.18407751974681782,0.9680819099999098
92.37875288683603,0.18507991833075588,0.974976629999901
89.14549653579677,0.17811693615794205,0.972378119999803
91.45496535796767,0.1828952190260759,0.9721581210001204
92.8406466512702,0.1860553367033761,0.9654279400001542
90.76212471131639,0.18081552651948668,0.9591578490001211
90.99307159353349,0.18202632304729088,0.9663314609999816
89.83833718244803,0.17899057293848553,0.9579505389999667
92.8406466512702,0.1852309175271461,0.9567141999998512
92.60969976905312,0.1851261066620574,0.9514334590000999
92.37875288683603,0.1849968929452644,0.9643112199998995
90.99307159353349,0.18166481154422573,0.9576539800000319
91.91685912240185,0.18412144847748707,0.9639800200000082
89.83833718244803,0.17932611545042762,0.9572208700001283
92.37875288683603,0.1848908297720936,0.9580424099999618
91.45496535796767,0.1824591140595907,0.9591257799997948
93.76443418013857,0.18655984214234397,0.9592493499999364
90.30023094688222,0.18049784027487775,0.9656099200001336
89.60739030023095,0.17886399144812257,0.9728527509998912
89.60739030023095,0.17913001334375567,0.9609256700000515
91.68591224018475,0.18360981093564657,0.9642066409999188
90.30023094688222,0.17985576132421097,0.9619275300001391
92.60969976905312,0.18515887001589326,0.9594550189999609
94.45727482678984,0.18777311919203912,0.9580859390000569
89.60739030023095,0.17997181400662224,0.9613018899999588
90.06928406466513,0.18053593224343956,0.9568086099998254
93.0715935334873,0.18620115287806607,0.9573588589998963
92.14780600461894,0.1838717532699646,0.9593505699999696
90.30023094688222,0.18056522312951617,0.963505189999978
89.83833718244803,0.1794649747652574,0.9644656399998439
89.37644341801386,0.17912571011626358,0.9657406110000011
92.37875288683603,0.1850104649735708,0.9570488589999968
92.8406466512702,0.18507412293138745,0.9504387899999074
90.30023094688222,0.18090774071423657,0.9707619399998748
91.45496535796767,0.18219552807576472,0.9642634299998463
90.99307159353349,0.18191554283068057,0.9671618999998373
91.22401847575058,0.1827353841115238,0.9783291270000518
90.30023094688222,0.18148315596200487,0.974283147000051
91.45496535796767,0.1820581825730018,0.9630649859998357
88.45265588914549,0.17727183172225128,0.9756015969999225
92.37875288683603,0.1855839343164894,0.9727441459999682
92.60969976905312,0.18520583041459285,0.96976147700002
91.68591224018475,0.18308079272058606,0.9698840670000664
92.60969976905312,0.18539546160825074,0.9768093469999712
91.22401847575058,0.183144921515834,0.9730449569999564
90.5311778290993,0.1816874488798904,0.9741013289999501
93.53348729792148,0.1868201969303865,0.9719198970001344
93.0715935334873,0.18582164481345137,0.9701017070001399
90.06928406466513,0.18074494479282407,0.9701047170001402
91.68591224018475,0.18357895381764353,0.9842168469999706
91.91685912240185,0.18347504438075113,0.9735963569999058
90.99307159353349,0.1823053723193552,0.9659495060000154
89.14549653579677,0.17783816454711102,0.9682133070000418
90.30023094688222,0.18066847809194522,0.976669887000071
92.14780600461894,0.18452320700448915,0.9707317859999876
90.5311778290993,0.18136707779136826,0.9585347370000363
91.68591224018475,0.18265393499782903,0.9725680859999102
90.30023094688222,0.18086471139956173,0.9728859370000009
89.60739030023095,0.17911220156916582,0.96541567700001
90.76212471131639,0.18107171928946325,0.967719716000147
93.76443418013857,0.18678805359062337,0.9608152969999537
91.68591224018475,0.18332792233424078,0.9734488670001156
90.30023094688222,0.18157280347845023,0.9746079959998042
90.76212471131639,0.1804022189356372,0.9607175059998099
92.37875288683603,0.18528487215493766,0.9760566969998763
87.99076212471132,0.17605238102902337,0.9636279670000931
90.99307159353349,0.1819932650014263,0.9650893569998971
90.99307159353349,0.18143890121604372,0.9516534970000521
90.5311778290993,0.18065262391862524,0.9654526769998029
92.8406466512702,0.1859742043602994,0.9610846070002026
91.22401847575058,0.18235463616733252,0.9495258669999203
91.22401847575058,0.1823507615964583,0.9649569059999976
94.45727482678984,0.1880182980430748,0.960396836999962
89.60739030023095,0.1787184863312858,0.9647323770000185
91.22401847575058,0.18237711946244056,0.9604436570000416
91.68591224018475,0.18352377441459308,0.9592631170000914
91.22401847575058,0.1807167694771102,0.9491239859999041
88.2217090069284,0.17618247609055668,0.9608735169999818
90.5311778290993,0.18132380529108363,0.9485999870000796
90.06928406466513,0.1810812049887652,0.949461607000103
90.76212471131639,0.18243856679043066,0.9598600760000409
91.68591224018475,0.18428796089260147,0.9482996659999117
90.5311778290993,0.18170216750483933,0.9553898369999843
90.30023094688222,0.18038931567658278,0.9674510970000938
90.5311778290993,0.18108244204887117,0.9748043170000074
88.68360277136259,0.1780389410312212,0.9612288870000611
93.30254041570439,0.18659851368271788,0.9586039670000446
93.30254041570439,0.18604456545922135,0.9549345570001151
90.76212471131639,0.1813344585339418,0.9558186269998714
93.99538106235565,0.18811060700381088,0.9571654970000054
93.30254041570439,0.18672535067294793,0.9529843059999621
89.83833718244803,0.17908531711827674,0.9639104469999893
90.06928406466513,0.17962749948518822,0.965940197000009
91.68591224018475,0.1836398250221695,0.9664403070000844
89.83833718244803,0.18022171858496913,0.954806125999994
91.22401847575058,0.18244157393004642,0.9488738070001546
90.5311778290993,0.18121886698897016,0.9639621170001647
93.99538106235565,0.18739037477899273,0.951982777000012
91.91685912240185,0.18433613010635747,0.959408847000077
88.45265588914549,0.1774506408524401,0.9607364369999232
94.45727482678984,0.1868818836827964,0.9618720570001642
92.8406466512702,0.18574521448060147,0.9519255870000052
93.30254041570439,0.1859972494304356,0.9745177869999679
88.91454965357968,0.17832971932911457,0.9638642429999891
93.0715935334873,0.1857695181539877,0.9550273560000733
93.0715935334873,0.1864940113702721,0.9540629050000007
89.60739030023095,0.17872138556632325,0.9659669029999804
94.91916859122402,0.18941656206273524,0.953998644999956
91.68591224018475,0.18346284887795786,0.9518327160001263
91.22401847575058,0.18233295465425656,0.9496344859999226
90.06928406466513,0.18049322978804133,0.9515447460000814
92.14780600461894,0.18504282464224447,0.9620090239998262
90.06928406466513,0.18063138163112838,0.958543883999937
93.99538106235565,0.18710248459811218,0.9664972220000436
90.76212471131639,0.18114410613919743,0.9647220629999538
88.2217090069284,0.17663312179938612,0.9558950650000497
90.99307159353349,0.18190748901521656,0.9593821939999998
90.30023094688222,0.18045888274375368,0.9544212050000169
91.91685912240185,0.18430425946299406,0.9629205440000987
93.30254041570439,0.18682677395567604,0.9465393370001038
90.76212471131639,0.18188364103553553,0.965446633000056
93.0715935334873,0.1852839722688542,0.9570291649999945
87.52886836027713,0.17495359184126633,0.9553024559997993
92.37875288683603,0.186053067871999,0.9545391460001156
93.76443418013857,0.18645561456459134,0.9561135640001339
93.99538106235565,0.18686944685169937,0.9585572050000337
91.68591224018475,0.1838301717065134,0.9597778140000628
92.14780600461894,0.18381433300035702,0.9644307430000936
92.37875288683603,0.18593970574200858,0.9562440150000384
92.14780600461894,0.18435420161912136,0.96280048299991
91.68591224018475,0.1838968879487746,0.9585320549999778
92.8406466512702,0.18523822062674627,0.9593191249998654
90.06928406466513,0.1805454625834838,0.9629763130001265
87.29792147806005,0.17539938940908348,0.9615319140000338
91.22401847575058,0.18257737338774183,0.9579742039998109
91.68591224018475,0.18490071507437478,0.9592870040000889
89.83833718244803,0.17928045097465636,0.9537814349998825
93.99538106235565,0.18742432504735768,0.9570653450000464
91.68591224018475,0.18391579393582325,0.9726988309998887
92.14780600461894,0.18526154888937008,0.9621256440000252
93.30254041570439,0.18616959387953283,0.9575668149998364
92.14780600461894,0.18500360333665017,0.9602198639997823
88.91454965357968,0.17775926553368618,0.9596125549999215
93.99538106235565,0.18827641380906063,0.9520743059999859
87.75981524249423,0.1761638298543383,0.9538169049999397
92.8406466512702,0.18526104352467576,0.9499356470000748
94.45727482678984,0.18739575610967563,0.9623738539999067
90.06928406466513,0.18141903710654966,0.9632779230000779
91.45496535796767,0.1826236909780719,0.9584463439998672
93.0715935334873,0.1859353091241482,0.9660497129998475
91.91685912240185,0.1831504151254098,0.9585510339998109
90.76212471131639,0.18179471141563008,0.9475579669999661
91.22401847575058,0.18243810232925678,0.9609988739998698
91.68591224018475,0.1833342449310555,0.9586450950000653
92.60969976905312,0.18529236182709138,0.9553189949999705
92.60969976905312,0.18476845292656266,0.9582620240000779
90.76212471131639,0.1814151555318499,0.9679825430000619
94.45727482678984,0.18734854343010615,0.9567360649998591
88.91454965357968,0.17804002534351474,0.965321172999893
92.60969976905312,0.18528092599051987,0.963573912999891
92.60969976905312,0.18521657165526698,0.9491028069999174
92.8406466512702,0.1856621754972234,0.9634532229999877
90.76212471131639,0.1811843174172419,0.9569212149999657
90.99307159353349,0.1820525235973786,0.9576686039999913
90.5311778290993,0.1816390415699958,0.9507647360001101
89.60739030023095,0.17895692524318618,0.9680729629999405
92.14780600461894,0.18352827069277022,0.9534427149999374
90.76212471131639,0.18142509259195305,0.9510026159998688
89.83833718244803,0.1791275778271622,0.9617686039998716
89.14549653579677,0.17724963019067502,0.95912667399989
94.91916859122402,0.1885630503318883,0.9602176250000412
89.60739030023095,0.1802277791198269,0.9535776249999799
91.45496535796767,0.18261469983838485,0.9680894350001381
88.91454965357968,0.17745711364109437,0.9557486950000111
91.91685912240185,0.1833963579774601,0.9692862050001168
93.0715935334873,0.1867977332958206,0.9660602339999969
90.5311778290993,0.1812698791642347,0.9574676249999357
90.30023094688222,0.18134526111577623,0.9616660550000233
90.76212471131639,0.18150520418360888,0.9629957750000813
91.45496535796767,0.18200852526830807,0.952776053999969
90.5311778290993,0.1811975147663748,0.9571216150000055
93.99538106235565,0.18769960410470302,0.9579021150000244
93.53348729792148,0.18684221742843415,0.9621581239998704
92.37875288683603,0.18572691776439207,0.9573704639999505
87.29792147806005,0.17475305943519992,0.9595825349999814
93.53348729792148,0.1866875030842991,0.950653574999933
93.0715935334873,0.1858075277734741,0.9609769139999571
91.68591224018475,0.18371616764082385,0.9545118439998532
91.45496535796767,0.1823556646520278,0.9654192039999998
93.53348729792148,0.18673526056061937,0.9676111049998326
92.60969976905312,0.18527266412970753,0.9700238039999931
90.99307159353349,0.18238519354723254,0.9615407449998656
91.45496535796767,0.18286440708267013,0.9543352749999485
90.76212471131639,0.1810027411947302,0.9594265640000685
89.37644341801386,0.17840821975368396,0.9528880249999929
90.5311778290993,0.18171414485191367,0.9651143549999688
89.37644341801386,0.1792764902835417,0.9678744839998217
93.53348729792148,0.18580011926214302,0.965784474999964
90.5311778290993,0.18163386644615984,0.9676723939999192
91.22401847575058,0.18168211739873066,0.9589553240000441
91.22401847575058,0.18170981187557853,0.9621588339998652
92.37875288683603,0.18550941612100003,0.9618673349998517
86.83602771362587,0.1749727158671337,0.9618789139999535
92.8406466512702,0.18519671970797189,0.9520842649999395
91.45496535796767,0.18244440946269797,0.9646882550000555
89.60739030023095,0.17970716386553767,0.9649714940001104
90.5311778290993,0.18142028457654608,0.9631005349999668
89.14549653579677,0.1771038658418112,0.961450775000003
92.8406466512702,0.18564483703993517,0.9633569140000873
93.30254041570439,0.18683368864657254,0.9627880850000565
90.30023094688222,0.1809779256913299,0.9588089750000108
90.99307159353349,0.18119131198203614,0.9571223939999527
90.5311778290993,0.18090147915426671,0.963261483999986
90.76212471131639,0.18135887082777666,0.9682069549999142
92.37875288683603,0.18614075568277827,0.9539770950000275
90.99307159353349,0.18176418314465448,0.9633451239999431
91.22401847575058,0.1824116355057449,0.9546353850000742
93.99538106235565,0.18730963190971425,0.9706920150001679
90.76212471131639,0.18131389761656702,0.9617756539998936
90.5311778290993,0.1817780522632463,0.973834074000024
93.53348729792148,0.18655172493502764,0.9595345850000285
92.37875288683603,0.18553854483905077,0.9590784649999478
91.91685912240185,0.18438332518923667,0.9629090650000762
92.37875288683603,0.18558513898357087,0.9668949250001333
87.75981524249423,0.1755397111803294,0.9604023650001636
92.60969976905312,0.1852143657209915,0.9527793340000699
90.5311778290993,0.18121828726768882,0.9729156749999675
89.60739030023095,0.179084789167174,0.9592148950000592
90.99307159353349,0.1825572994536765,0.9544429039999613
90.5311778290993,0.18176377037327013,0.9587306449998323
90.76212471131639,0.18091554253624217,0.9510386250001375
90.99307159353349,0.1820971176371606,0.9561611650001396
88.68360277136259,0.17758393934510264,0.959595593999893
92.37875288683603,0.1852018256720146,0.9674749149999116
91.68591224018475,0.18382119537352032,0.9769898439999452
91.22401847575058,0.1817356867590715,0.9647623250000379
90.99307159353349,0.18232736361023827,0.9567316349998691
90.76212471131639,0.18084584878753227,0.9530675840001095
90.30023094688222,0.18092000261427452,0.9628781259998505
91.22401847575058,0.18181639184867412,0.9600561750000907
92.14780600461894,0.18476329957180104,0.9727456539999366
91.22401847575058,0.18219258891001155,0.9689299350000056
90.5311778290993,0.18147174230665536,0.970482555999979
91.22401847575058,0.18204858686083714,0.9632568249999167
93.30254041570439,0.18639241732832254,0.9563665660000424
89.83833718244803,0.17932590054491704,0.966063184999939
88.91454965357968,0.17692618551147418,0.9733978740000566
92.37875288683603,0.1852126259328069,0.9648564149999856
91.45496535796767,0.18150320871790165,0.9659744850000607
91.68591224018475,0.18343020638544658,0.966134645000011
92.37875288683603,0.18525532877964518,0.9618802850000066
91.91685912240185,0.18443665320571978,0.9713335849999112
90.99307159353349,0.18216690368726596,0.971880844999987
92.8406466512702,0.18579720408315545,0.9710580850000952
92.37875288683603,0.18490174625204572,0.9626821649999329
90.99307159353349,0.1826184430721183,0.9648375450001367
94.91916859122402,0.18852713601766954,0.9661792750000586
88.68360277136259,0.17715887780264652,0.9674918350001462
92.60969976905312,0.18564291767521546,0.9677545549998285
91.45496535796767,0.18307024483927573,0.9711148439998851
91.45496535796767,0.18223530347386907,0.9527683240000897
92.14780600461894,0.18407046886022013,0.9655538959998466
92.8406466512702,0.18553202553079456,0.9661667949999355
89.83833718244803,0.1790571844851431,0.9673811049999586
95.84295612009238,0.18971527909601651,0.9682981839998774
91.91685912240185,0.18478106170498976,0.9618766650000907
91.91685912240185,0.1834640915039046,0.9571900460000506
92.37875288683603,0.18528354630188149,0.9639827850000984
93.76443418013857,0.1869993860655767,0.9701335949998793
92.14780600461894,0.18491348873361219,0.9658561350001946
89.83833718244803,0.17932661920265894,0.9634470349999447
92.37875288683603,0.18557436493339047,0.9667294050000237
91.91685912240185,0.183176482324091,0.9670493050000459
92.8406466512702,0.18577306009887368,0.9672156450001239
93.99538106235565,0.18752354618008657,0.9524619549999898
90.99307159353349,0.18169693815742732,0.9630613150000045
91.45496535796767,0.18243462223772894,0.9672477049998633
91.68591224018475,0.18302464229797036,0.9656563349999487
93.0715935334873,0.18574940506044021,0.9572971750001216
93.30254041570439,0.18661339667414492,0.964863504999812
92.8406466512702,0.18496862567922387,0.9584469950000312
91.22401847575058,0.18159856258337198,0.9614953249999871
89.83833718244803,0.17883176124518022,0.9565949649997947
92.8406466512702,0.1852071844032708,0.9681921750000129
90.30023094688222,0.17997443520742148,0.9645541249999496
91.68591224018475,0.18322190578180864,0.9533656950000022
91.45496535796767,0.18290882635630845,0.9658311050000066
91.91685912240185,0.18344978450583088,0.968358635000186
92.14780600461894,0.18486217593835014,0.9761700950000431
91.22401847575058,0.1819839832189999,0.9630796050000754
91.91685912240185,0.18393138416874902,0.9740400850000697
91.45496535796767,0.18186351148952265,0.9683636549998482
92.37875288683603,0.18506114389978248,0.9671668149999277
90.76212471131639,0.18137728983530266,0.9624821949998932
89.37644341801386,0.17906479067416217,0.9690038140001889
91.22401847575058,0.1815438853386578,0.9689148540001042
90.30023094688222,0.18217193162125334,0.9690840449998177
91.91685912240185,0.184312160831605,0.9612317240000721
88.45265588914549,0.17740323719255985,0.9574550360000558
92.60969976905312,0.18555071634368767,0.9575330160000703
88.91454965357968,0.17692701111926065,0.9542825949999951
91.91685912240185,0.18391846284212673,0.9536480450001363
92.60969976905312,0.18571339532838282,0.9551855250001609
93.30254041570439,0.1865591635985681,0.9707051949999368
92.8406466512702,0.18660564530349152,0.9616538249999849
91.22401847575058,0.18221399575265876,0.953535679999959
89.83833718244803,0.1793878136480367,0.9551402600000074
90.30023094688222,0.18116513566801287,0.9548443390001466
93.30254041570439,0.18639951806202276,0.9606062589998601
93.0715935334873,0.18572682834527354,0.9562096300001031
90.76212471131639,0.18111791059934748,0.9570125089999237
88.45265588914549,0.17735109823826467,0.9525810099999035
91.22401847575058,0.18141080429955556,0.9566308889998254
93.53348729792148,0.18656114440214483,0.957017880000194
91.91685912240185,0.1834832333712499,0.9547683200000847
92.8406466512702,0.18604264046873212,0.9668967679999696
92.8406466512702,0.1860818827973766,0.9630609679998088
92.37875288683603,0.1850370182030213,0.9601567400000022
92.60969976905312,0.1852785614233983,0.9591796489999069
90.99307159353349,0.18153268319328628,0.9607936890001838
89.37644341801386,0.17896940318927548,0.9545226889999867
92.14780600461894,0.18429045862255733,0.9682613990000846
89.83833718244803,0.17850635481726881,0.9604913579998993
90.76212471131639,0.18104353868010015,0.9574735389999205
90.06928406466513,0.18080188212579648,0.9581415490001746
92.8406466512702,0.18576116916173108,0.9557391690000259
91.45496535796767,0.18186506996045865,0.9654462089999925
94.91916859122402,0.18877558878484219,0.9557726689999981
90.99307159353349,0.18142395644509052,0.9624701790000927
90.76212471131639,0.18154330856468012,0.9540901399998347
91.91685912240185,0.18424212508877646,0.953596349999998
88.45265588914549,0.17707520268306826,0.9630723880000005
93.99538106235565,0.18842845158799681,0.9621895990001121
90.76212471131639,0.181192396519651,0.9687470579999626
90.76212471131639,0.18040263519236854,0.9606768890000694
89.83833718244803,0.17948775912312495,0.9519924399999127
91.45496535796767,0.18263452757116885,0.9605868890000693
92.37875288683603,0.18564004804842468,0.9599581689999468
90.5311778290993,0.18026884780279523,0.9526731599999039
91.91685912240185,0.18384238123166127,0.9525194400000601
92.60969976905312,0.1862026054840497,0.9679220379998696
89.60739030023095,0.17860620122988327,0.956611458999987
90.30023094688222,0.18127573925164744,0.9592108790000111
90.5311778290993,0.1816852473400276,0.9644614890000867
90.5311778290993,0.1818862338192962,0.9632743990000563
92.14780600461894,0.18452435898475278,0.9595590589999574
90.5311778290993,0.1810010568056611,0.9638420380001662
90.30023094688222,0.1809909714895765,0.9441988410001159
92.8406466512702,0.18599147850694195,0.9585680889999821
91.45496535796767,0.1818618924250198,0.9565352590000202
89.14549653579677,0.17716020585133482,0.9577400099999522
90.99307159353349,0.18205701263383342,0.9565445289999843
91.91685912240185,0.183857720508147,0.9565290590001041
91.91685912240185,0.18336518935711768,0.9626038290000452
92.37875288683603,0.18433162078000498,0.9507063700000344
90.76212471131639,0.18201962632356417,0.9634954289999769
91.22401847575058,0.1815844359247029,0.9582508989999496
93.0715935334873,0.18568675706407714,0.955008879999923
91.45496535796767,0.18184916834657647,0.9693867179998961
92.60969976905312,0.1851190939286504,0.9659756280000238
90.76212471131639,0.18134000321697297,0.9467276909999782
89.14549653579677,0.17722017185888878,0.9629068189999543
91.22401847575058,0.18224913797303424,0.9559879999999339
91.45496535796767,0.18239559577586983,0.9534991099999388
92.60969976905312,0.1857983891243185,0.9538471599998957
90.5311778290993,0.18031714063895074,0.957626289000018
87.06697459584296,0.17558171743808215,0.9574878999999328
90.99307159353349,0.18212525254941445,0.9609275190000517
90.30023094688222,0.18061903382879563,0.9628846300001896
91.45496535796767,0.1806461258520637,0.9617488390001654
91.68591224018475,0.18354920984325201,0.9579273389999798
91.91685912240185,0.18468393992615295,0.9671961449998889
92.37875288683603,0.18561848360845343,0.9631900729998506
86.83602771362587,0.1737259057740528,0.9656716210001832
93.0715935334873,0.1874341062600346,0.959123881999858
91.91685912240185,0.18427986766872678,0.9660376920000999
91.45496535796767,0.18242753408817497,0.9690888920001726
89.37644341801386,0.17898883405077193,0.9698860810001406
89.83833718244803,0.17972517729613816,0.9606425919998856
93.53348729792148,0.1865462821800592,0.9530727230001048
92.60969976905312,0.1855804314532191,0.9555296530002124
92.60969976905312,0.18557127743386304,0.9498493139999482
92.37875288683603,0.1859159668311977,0.9537829519999832
90.99307159353349,0.18212430543157368,0.962445821999836
88.68360277136259,0.17764796999188823,0.9653140719999556
93.30254041570439,0.18593303100699604,0.9538649430000987
84.98845265588915,0.17208026265011855,0.9553015029998733
91.45496535796767,0.18192748676771534,0.9598073220001879
91.45496535796767,0.1822032425166446,0.9522780730001159
91.22401847575058,0.18217726764665468,0.9499908630000391
92.60969976905312,0.18494044499413997,0.9539989530001094
92.8406466512702,0.18574768813753723,0.957443732999991
90.30023094688222,0.18087534163463798,0.9651151030000165
88.45265588914549,0.177377333660241,0.9577384730000631
89.83833718244803,0.1787778785156603,0.9560018929998932
91.45496535796767,0.18215394655653613,0.960177892000047
93.0715935334873,0.1860365832663784,0.9651048729999729
93.53348729792148,0.18636707605352373,0.949961273000099
91.68591224018475,0.18375390292138052,0.9551327030001175
92.14780600461894,0.18450031586833768,0.9577265919999718
92.37875288683603,0.18490459533995351,0.9691077420000056
92.8406466512702,0.1858100378635395,0.9571011129999079
92.8406466512702,0.18570187820084977,0.964664361999894
91.91685912240185,0.18375681979784858,1.0046773500000654
92.14780600461894,0.184572887094518,0.9759885420000955
92.37875288683603,0.18546162892238782,0.9683795519999876
93.99538106235565,0.1879500192205427,0.9721599619999779
90.5311778290993,0.18172039575507482,0.9604516430001695
89.60739030023095,0.17907745248198984,0.9661924620002083
93.0715935334873,0.18643601595554904,0.9678808619999018
90.30023094688222,0.18135109929148008,0.9704223420001199
91.22401847575058,0.18254645022020047,0.9628535619999639
88.91454965357968,0.17716179815649064,0.9535538739999083
90.99307159353349,0.1826955514535173,0.9553002629997991
92.37875288683603,0.18569071403326953,0.9551033430000189
87.06697459584296,0.17540272235765425,0.9701481120000608
92.8406466512702,0.1859131398517726,0.9547043830000348
92.37875288683603,0.1847613587663339,0.9798166909999964
90.06928406466513,0.181611073107884,0.9460574539998561
90.06928406466513,0.18094425948363396,0.9634610020000309
92.37875288683603,0.1862532729400845,0.9634676120001586
86.60508083140877,0.17508188798304422,0.9684226619999663
91.91685912240185,0.1843221813056379,0.957090062999896
91.45496535796767,0.1829965105529862,0.9574100419999922
91.45496535796767,0.18177850479673216,0.9605044329998691
93.53348729792148,0.18684019063402413,0.9640433719998782
90.76212471131639,0.18077755004848695,0.9558297219998622
90.99307159353349,0.18191138758400413,0.9606177020000359
90.76212471131639,0.18213214715701914,0.9630526129999453
90.99307159353349,0.1814375565164931,0.9652441219998309
94.22632794457274,0.18721799892603064,0.9705239719999099
87.06697459584296,0.17556432989949092,0.9779338519999783
91.45496535796767,0.18258892680187477,0.9631602429999475
92.60969976905312,0.185537348841126,0.9635375719999502
90.99307159353349,0.18082402602470432,1.1414029609998124
90.5311778290993,0.18071470770388934,0.9644868719999522
90.5311778290993,0.18084051445171692,0.9571646130000317
90.5311778290993,0.1812942043148435,0.9614617419999831
89.37644341801386,0.1789650537260271,0.9699389410000094
93.0715935334873,0.18627043870564688,0.9588369489999877
89.83833718244803,0.17849043210550913,0.97020095400012
90.99307159353349,0.18157336163659926,0.9620629590001499
90.30023094688222,0.1811808504323447,0.9611579380000421
91.91685912240185,0.1834515421105243,0.9689014850000603
89.14549653579677,0.1768413128418724,0.9578240799999094
90.5311778290993,0.1818009699029988,0.9615684879997843
92.8406466512702,0.18655737103797845,0.9717382740000176
88.91454965357968,0.1772241765634692,0.9578903490000812
91.45496535796767,0.18213244829802866,0.9615689479999219
90.30023094688222,0.18097665360856732,0.969631993999883
92.14780600461894,0.18414994280048014,0.9594862789999752
91.91685912240185,0.18370078635795659,0.9708408839999265
91.68591224018475,0.18343690823799622,0.9640103280000858
93.53348729792148,0.18688731975972447,0.9749378920000709
87.52886836027713,0.17636995398144362,0.9647513059999255
93.30254041570439,0.18565318548064635,0.9656301459999668
91.45496535796767,0.1822267576290634,0.9591775689998485
89.60739030023095,0.17795728773926808,0.966001475999974
91.91685912240185,0.1834575447638524,0.9758373029999348
92.14780600461894,0.18365348481924174,0.9654364660000283
90.76212471131639,0.1811175049495324,0.9671150750000379
92.14780600461894,0.18532399935654514,0.956221350000078
91.68591224018475,0.18429522886091423,0.9706065140001101
91.22401847575058,0.18194650709751548,0.960382779000156
90.99307159353349,0.18174570467847057,0.9607917579999139
93.76443418013857,0.18649432813871186,0.953200612000046
90.06928406466513,0.18010308468456523,0.9666738149999219
92.60969976905312,0.1856800752556942,0.956707341000083
90.06928406466513,0.18089647506060805,0.9551475709999977
90.5311778290993,0.18204685182226735,0.9694821749999392
89.14549653579677,0.17776366462827953,0.9638934979998339
90.99307159353349,0.1812359024584036,0.9679217349998908
93.0715935334873,0.18651858606290944,0.9623300380001183
90.06928406466513,0.18079832165572052,0.96866233500009
92.14780600461894,0.18432752788006632,0.9705526049999662
90.76212471131639,0.18138531024939272,0.9676947059999748
93.99538106235565,0.18768311074341415,0.9666600049999943
92.8406466512702,0.18546197447801893,0.9749856129999444
90.76212471131639,0.18125363069663314,0.9804851899998539
90.30023094688222,0.18080345765290068,0.9617046480000226
92.14780600461894,0.18558437975956393,0.9743115020000914
89.83833718244803,0.17916980150438866,0.9676013260000218
90.5311778290993,0.18171717952939742,0.9642083860001094
91.45496535796767,0.18237516574473359,0.9640091770002073
90.5311778290993,0.1820358751218014,0.9608324179998817
88.91454965357968,0.17692031319663304,0.9579445599999872
92.8406466512702,0.18595256374118788,0.9631643969999004
88.45265588914549,0.17705679040724964,0.9581800089999888
92.37875288683603,0.18521863970516508,0.9656398360000367
93.99538106235565,0.18740070469020076,0.9634114579998823
89.60739030023095,0.17870042432143032,0.966533575999847
93.99538106235565,0.18763646533179507,0.9779211710001618
90.06928406466513,0.18085562567001892,0.9619641780000165
87.52886836027713,0.17619611826292844,0.9619937480001681
92.8406466512702,0.18525346847097607,0.9624362179999935
91.45496535796767,0.18209807991885496,0.9621153169998706
93.30254041570439,0.18581302867179647,0.9675484560000314
90.5311778290993,0.18080858417290646,0.967734074999953
91.68591224018475,0.183025121371441,0.9728643529999772
90.06928406466513,0.18019884159824814,0.9619240179999906
88.91454965357968,0.17834635349650718,0.9659261759998117
93.0715935334873,0.1851878894315183,0.9699599109999326
90.5311778290993,0.18045393115148528,0.9601234909998766
90.06928406466513,0.18054764125558276,0.9561001810000107
91.45496535796767,0.18321896531103252,0.9634691010001006
90.76212471131639,0.1816742274081585,0.9577529709999908
91.68591224018475,0.1833878771625162,0.9574986210000134
91.68591224018475,0.1835732257324555,0.9699706010001137
90.99307159353349,0.18178169758418256,0.9548709010000493
91.91685912240185,0.18429301093001674,0.9586230499999147
89.83833718244803,0.17922558910018516,0.9577779009998721
90.5311778290993,0.18095918537409938,0.9724264710000625
89.83833718244803,0.17904722333022688,0.9641237109999565
91.22401847575058,0.18277683483601773,0.9660602199999175
90.76212471131639,0.18092707810012934,0.9660813410000628
90.30023094688222,0.18106058754822463,0.9639806210000188
91.45496535796767,0.1832253722076175,0.9695914010001161
92.14780600461894,0.18441009962833213,0.961333900999989
93.76443418013857,0.18716989876215753,0.9588644000000386
89.60739030023095,0.17836422358141607,0.9550486799998907
91.68591224018475,0.18244485113889203,0.9527934309999182
92.60969976905312,0.1854649573670945,0.9615388710001298
93.76443418013857,0.1866033229444625,0.9588384010000937
93.30254041570439,0.18611161769684315,0.9472394109998277
87.52886836027713,0.1756293032445087,0.9550506909999967
90.76212471131639,0.18228816121933272,0.9531635509999887
92.60969976905312,0.1850187138390423,0.9585115309998855
89.37644341801386,0.17888848862795617,0.9472804609999912
92.60969976905312,0.18555989599701106,0.9666803909999544
91.91685912240185,0.1843890888246823,0.969286830000101
93.0715935334873,0.18590071882818257,0.9574100009999711
93.0715935334873,0.1853258110155163,0.9597748000001047
91.91685912240185,0.18512655995579053,0.9588556710000375
91.68591224018475,0.18397432269972927,0.9707350610001413
90.06928406466513,0.18085508755909852,0.9512356510001609
90.5311778290993,0.1817672370013814,0.9597766500000944
87.52886836027713,0.17570310638761152,0.9518609909998759
89.37644341801386,0.17797795866482582,0.954675941000005
92.8406466512702,0.18559036945567098,0.9634554609999668
92.14780600461894,0.18535935458545935,0.9618971510001302
91.68591224018475,0.1838815259856194,0.966648910999993
90.5311778290993,0.1808781568769617,0.9696195100000295
91.22401847575058,0.18165960452218607,0.9541909410002063
91.91685912240185,0.1834104685054794,0.9566875309999432
90.30023094688222,0.1803482071134588,0.9653953510000974
92.14780600461894,0.18510752491345914,0.9615255910000542
91.45496535796767,0.18279007310483103,0.9595403119999446
94.45727482678984,0.18703426552845806,0.956970389999924
90.5311778290993,0.18172727841866107,0.9642240409998521
91.91685912240185,0.18410400938511579,0.9629744210001263
96.07390300230946,0.19028428138518502,0.9540711610000017
92.60969976905312,0.18529372199377905,0.9570905499999753
90.99307159353349,0.18187470853896015,0.9592756309998549
90.5311778290993,0.18123874853540708,0.9596142309999323
89.14549653579677,0.17724099162499266,0.9698808310001823
92.14780600461894,0.18448928339271686,0.9602319109999371
90.5311778290993,0.18111557220239544,0.9529594610000913
92.14780600461894,0.1843194794564468,0.9641885600001388
91.91685912240185,0.1842428619005577,0.9565052400000695
91.91685912240185,0.1850295981297962,0.9596891910000522
91.45496535796767,0.1830219550857347,0.949869420999903
90.06928406466513,0.18077763342336314,0.9562809310000375
92.60969976905312,0.18555050633191136,0.958746309999924
90.06928406466513,0.1804586534345247,0.9820821700000124
89.60739030023095,0.1795270884385549,0.9623532510001951
91.91685912240185,0.1849811662119738,0.9570752409999841
92.8406466512702,0.18551866054271626,0.9588239909999174
94.22632794457274,0.1880135554793913,0.9501405710000199
89.60739030023095,0.17914517871854416,0.9516777710000497
92.60969976905312,0.18661017415601774,0.9555334409999432
91.45496535796767,0.18244015590262946,0.9575539810000464
90.5311778290993,0.18152633603228463,0.957919320999963
91.91685912240185,0.18421067968270846,0.968697800999962
92.8406466512702,0.18537080519609914,0.9601013689998581
91.22401847575058,0.18181943238382767,0.9496931989999666
88.68360277136259,0.17645102891966039,0.959551688999909
93.76443418013857,0.18687859621925668,0.9617663079998238
93.0715935334873,0.18631971792203356,0.963914448999958
92.8406466512702,0.18496978116247442,0.9582363189999796
91.91685912240185,0.18388758726954954,0.9486629290001929
93.30254041570439,0.18600284235224673,0.9595926680001412
89.37644341801386,0.17941398440444997,0.9606717189999472
90.99307159353349,0.1815167244578239,0.9547735789999479
91.68591224018475,0.18353829745133973,0.9650600790000681
92.37875288683603,0.18566408157043593,0.9466783489999671
89.14549653579677,0.17681461642187737,0.9610221590000947
90.99307159353349,0.18222145953936075,0.9541690890000609
93.53348729792148,0.18710885462853385,0.9530693090000568
89.60739030023095,0.17840478660288445,0.9643483190000097
90.76212471131639,0.1810943053238644,0.9591738290000649
92.14780600461894,0.18437914268192318,0.9635762489999706
90.30023094688222,0.18079536329147836,0.9615971489999993
92.8406466512702,0.18563793865653633,0.9555014889999711
91.68591224018475,0.18361787595114762,0.9584400989999722
88.91454965357968,0.17714350737556983,0.9649814189999688
93.53348729792148,0.18674179772621777,0.9593271789999562
90.06928406466513,0.18098831287539952,0.9550993389998439
93.30254041570439,0.1870047686852531,0.9522905879998689
89.83833718244803,0.18014455992551898,0.9662276389999533
92.37875288683603,0.18447617452408385,0.9624220790001345
90.5311778290993,0.18102326063619129,0.9596811600001729
90.06928406466513,0.18048678267991414,0.9620203389999915
90.76212471131639,0.18181770555162435,0.9593804189998991
85.68129330254041,0.1711677586957183,0.9555429690001347
93.53348729792148,0.18635805928927907,0.9585762990000148
91.45496535796767,0.18260729407341497,0.9498576690000391
89.83833718244803,0.17896237859414746,0.958019178999848
91.22401847575058,0.18294955280076702,0.963703248999991
91.91685912240185,0.18379469267645024,0.9531805489998533
91.45496535796767,0.18184899968024054,0.9668110379998325
89.83833718244803,0.1796189034241401,0.9702060289998826
92.37875288683603,0.18594579600758918,0.9603384890001507
91.45496535796767,0.1819392099646634,0.9668402380000316
88.68360277136259,0.17701037587269022,0.9539730389999477
90.06928406466513,0.18012741137872834,0.9652160389998699
88.45265588914549,0.17767029932704081,0.9625937680000334
91.91685912240185,0.1837810698922915,0.9580446089998986
92.14780600461894,0.18496559399838766,0.9681198589998985
89.83833718244803,0.17905429384167965,0.9701173979999567
92.14780600461894,0.18487682548125192,0.9646254690001115
91.22401847575058,0.18249798237713807,0.9659111379999104
89.37644341801386,0.17863184481335512,0.9619955989999198
89.37644341801386,0.17882973315111958,0.9539599789998192
91.68591224018475,0.1833352871999307,0.9569502990000274
92.60969976905312,0.18457522761746353,0.958438569000009
91.45496535796767,0.18272504508223258,0.9673322880000796
88.45265588914549,0.17724823669854395,0.952306819000114
90.30023094688222,0.18122081619772681,0.969150708999905
92.60969976905312,0.18523922972958126,0.9617829479998363
90.76212471131639,0.1813305951469952,0.9530857600000218
90.5311778290993,0.18129117843830728,0.9602966690001722
89.60739030023095,0.17925921882638793,0.9585710389999349
89.60739030023095,0.17893010282192295,0.9638972190000459
93.30254041570439,0.18617757983537542,0.9590845290001653
88.2217090069284,0.17584810697816772,0.9598936190000131
89.14549653579677,0.17805321367514793,0.9617404189998524
90.06928406466513,0.18102994776715706,0.9695005480000418
91.45496535796767,0.1818375617613249,0.9788708680000582
89.37644341801386,0.17888541809646616,0.9644022089998998
94.45727482678984,0.1870409287529951,0.9683202090000123
94.45727482678984,0.1874377752085313,0.9801062770000044
93.30254041570439,0.18723975402428297,0.9753817700000127
93.30254041570439,0.18685973335485265,0.9768513589999657
91.22401847575058,0.1821136547253713,0.9631299580000814
91.68591224018475,0.18379013969726038,0.9617692669999087
89.37644341801386,0.1787083115185302,0.978741090000085
92.14780600461894,0.1840909307049645,0.9742134789999
88.2217090069284,0.17611551298249614,0.9637109589998545
93.0715935334873,0.18656647376530666,0.9761376690000816
91.22401847575058,0.18221196828331887,0.9723716490000243
92.37875288683603,0.18485250602836142,0.9779905299999427
92.60969976905312,0.18622546348239202,0.9774138889999904
91.91685912240185,0.18363925851703258,0.9673334089998207
91.68591224018475,0.183542107395792,0.9746204989999114
92.14780600461894,0.18407133813243337,0.9651106379999419
91.22401847575058,0.18263347195821952,0.9719812590001311
89.60739030023095,0.179607633367465,0.9820828599999913
90.76212471131639,0.18180078241222433,0.9733372690000124
93.53348729792148,0.18713866616393884,0.9827029599998696
93.30254041570439,0.18597587361823698,0.9631339279999338
92.60969976905312,0.18635046198615607,0.9618094379998183
93.0715935334873,0.18624189345136918,0.9845284699999866
90.30023094688222,0.180403212434062,0.9723995589999959
89.83833718244803,0.1790420865852861,0.96922449900012
92.37875288683603,0.1848090396625168,0.9712175789998128
93.30254041570439,0.1869731653976137,0.9678945680000197
94.45727482678984,0.18791113331304762,0.9585567169999649
91.45496535796767,0.18308199933705588,0.9640728189999663
90.76212471131639,0.1813271318148223,0.9663925279999148
88.91454965357968,0.17784019394897196,0.9555251379999845
91.68591224018475,0.1831648853352071,0.9558729970001423
92.14780600461894,0.1847944594475851,0.9665420690000701
87.52886836027713,0.17631618783319497,0.9620823279999513
89.37644341801386,0.17770266880326918,0.9654238980001537
93.0715935334873,0.186406462542808,0.9776297999999315
89.14549653579677,0.1784308644636154,0.9582924179999281
92.14780600461894,0.18569914658350728,0.9655030179999358
92.37875288683603,0.1841996583780646,0.9599998280000364
92.60969976905312,0.185089772260721,0.9636697979999553
92.14780600461894,0.18470573156380443,0.9598284979999789
89.83833718244803,0.17856712746685846,0.9668631590000132
88.2217090069284,0.1769827208975734,0.9670320080001602
92.8406466512702,0.18637004905372648,0.9738436999998612
93.53348729792148,0.18557061982716036,0.9654317479999008
92.8406466512702,0.18505600896419525,0.9680973580000227
90.30023094688222,0.18132930260847724,0.9613504280000598
89.14549653579677,0.1774003695535431,0.9612882779999836
88.91454965357968,0.17744543475162186,0.9640804779999144
89.37644341801386,0.1782963949170881,0.9600874379998459
90.30023094688222,0.1807609238777051,0.9489063670000633
90.30023094688222,0.18080926697556657,0.9612326379999558
91.45496535796767,0.18192209251782474,0.9702992889999678
90.99307159353349,0.18173979892427367,0.9647852779999084
91.22401847575058,0.1824869614269946,0.9742408300000989
90.5311778290993,0.18104437685306096,0.9583217570000215
91.22401847575058,0.18260540255182364,0.9578174280002258
95.61200923787528,0.18951177927664542,0.9536101479998251
92.60969976905312,0.18516895187952737,0.9634437079998861
92.14780600461894,0.18552289893389368,0.972371499000019
92.37875288683603,0.18505261879225654,0.9615859079999609
90.30023094688222,0.18095698437187605,0.9583225080000375
88.91454965357968,0.17846102957804652,0.9581086369998957
89.14549653579677,0.17764924244663044,0.9646051690001514
93.53348729792148,0.18744068896694466,0.9666235580000375
91.68591224018475,0.18331905318365463,0.9688916790000803
89.37644341801386,0.17901563928117512,0.9583479379998607
93.30254041570439,0.18625433231740338,0.9563050369999928
90.99307159353349,0.18229028043541368,0.9483347469999899
92.14780600461894,0.18436755035645494,0.963750988999891
92.8406466512702,0.1851766169277214,0.962047278
87.99076212471132,0.17588092758404858,0.9673714880000261
86.83602771362587,0.17456212358218137,0.9676184289999128
91.22401847575058,0.18173144934009983,0.9648055480001858
92.37875288683603,0.18509453022434005,0.9640936890000376
91.68591224018475,0.18369424418067942,0.9705982880000192
94.91916859122402,0.18925331791401578,0.963444619000029
91.22401847575058,0.18210667843715717,0.966721047999954
94.22632794457274,0.18680341954750096,0.9652888789998997
90.06928406466513,0.1806742078978581,0.9731051189999107
91.68591224018475,0.18432836858791832,0.9636947880001117
90.99307159353349,0.18215888042484177,0.9584267679999812
89.83833718244803,0.17877673986123593,0.9556534870000633
91.68591224018475,0.18359193616791816,0.9606199370000468
92.60969976905312,0.18551472309245623,0.9657437589999063
90.99307159353349,0.1816638187057954,0.954425657999991
91.68591224018475,0.1840069882521571,0.9683772079999926
93.30254041570439,0.1870088720883391,0.9587618079999629
92.14780600461894,0.1846126281205431,0.9616720879998866
91.68591224018475,0.1838212008608375,0.9645350880000478
91.22401847575058,0.18283318814569835,0.9591357080000762
91.68591224018475,0.1842735202247444,0.9522614570000769
93.76443418013857,0.18729894608405373,0.9615662179999163
90.5311778290993,0.18185018337062764,0.9555713270001434
89.83833718244803,0.18070670064082586,0.9606336679999004
93.30254041570439,0.18609021531552108,0.9659712679999757
92.60969976905312,0.1855384766052436,0.956346978000056
90.76212471131639,0.18095810586284428,0.9646890889998758
92.14780600461894,0.1852331199816001,0.9663723079997908
88.91454965357968,0.17762324036728905,0.9629941279999912
92.60969976905312,0.18506135168085563,0.9519342669998423
91.45496535796767,0.1819691886548125,0.9597346769999149
92.60969976905312,0.18410666556656094,0.9608878179999465
93.0715935334873,0.18668632780179062,0.9641656779999721
93.53348729792148,0.18746195736290877,0.9474203570000554
90.76212471131639,0.18184493371186097,0.9689962190000188
89.83833718244803,0.17917495973652547,0.9671645490000174
91.22401847575058,0.18260799133560057,0.9560950970001159
90.06928406466513,0.18059567717812638,0.960338438000008
90.99307159353349,0.18255851006361143,0.9563652780000211
92.60969976905312,0.18478733617063112,0.966561017999993
94.91916859122402,0.18896167694496036,0.9579128779998882
90.30023094688222,0.18031892067480534,0.9602712779999365
92.37875288683603,0.18607516573971783,0.9551998379999986
91.45496535796767,0.18272810372651987,0.9590327579999212
92.14780600461894,0.18547693389848288,0.9651620680001542
93.76443418013857,0.18655368217700616,0.9631639609999638
91.91685912240185,0.18532625249587345,0.95785809899985
91.22401847575058,0.182674907588425,0.9689304890000585
91.68591224018475,0.18349959524684883,0.9587723689999166
89.37644341801386,0.17804569914987048,0.9697276690001218
92.37875288683603,0.1851511253705818,0.9726101479998306
90.99307159353349,0.18224637335016702,0.9586484389999441
91.68591224018475,0.18383552528047858,0.9568936789999043
91.68591224018475,0.18382721782329178,0.9634293090000483
94.91916859122402,0.18912671647002877,0.9589937589998954
89.60739030023095,0.17972917785701342,0.9603953089999777
90.30023094688222,0.1818070913304812,0.9572794200000772
91.91685912240185,0.18459219580320288,0.958819068999901
91.91685912240185,0.1839984801972191,0.9607311289998961
88.2217090069284,0.1769047020358004,0.9606430489998274
91.22401847575058,0.1822095541204624,0.9610021690000394
92.37875288683603,0.1853895636933141,0.9701683289999892
92.60969976905312,0.18628420566631504,0.9592852989999301
91.45496535796767,0.1826095185257346,0.9603424590000031
90.06928406466513,0.18064507741018992,0.9679779749999398
91.45496535796767,0.1828610842881882,0.957517148000079
92.14780600461894,0.1843307186445114,0.9641130679999605
88.91454965357968,0.1770422728308454,0.9631911980000041
92.37875288683603,0.18429476407506068,0.9612816090000251
90.76212471131639,0.1816464290633482,0.9658465990000877
90.30023094688222,0.1810871744353651,0.9749741799998901
90.76212471131639,0.1807971730130411,0.9668245989998923
94.91916859122402,0.18933282393323267,0.955864068999972
91.22401847575058,0.18218878930874743,0.9653467680000176
93.0715935334873,0.18691469356072052,0.9602432890001182
91.68591224018475,0.18372928983602754,0.967879948000018
90.76212471131639,0.18168296050145175,0.96149058900005
92.37875288683603,0.1851661045142812,0.9582019179999861
90.99307159353349,0.18179959407505175,0.9642264189999423
94.45727482678984,0.18812887791612695,0.9649516389999917
91.22401847575058,0.18282566458988775,0.9605692289999297
90.99307159353349,0.18247353426574467,0.967911698999842
88.91454965357968,0.1773449616595677,0.9658926279998923
92.60969976905312,0.18553280310256265,0.9535998679998556
91.45496535796767,0.18218475424059807,0.9525132569999641
90.06928406466513,0.18016089080320655,0.9635129990001587
92.60969976905312,0.18412000071466422,0.9577733290000197
91.91685912240185,0.18382124425895152,0.9679917690000366
89.37644341801386,0.1782174759563093,0.956769457999826
89.83833718244803,0.1787100244585051,0.9861223090001658
89.37644341801386,0.17859380708953743,0.9616777680000723
90.5311778290993,0.18109488759007641,0.9670653390001007
92.14780600461894,0.18442978314588332,0.9627358889999869
92.8406466512702,0.18521923780086566,0.9691830080000727
90.99307159353349,0.1817124267218113,0.9555410670000128
91.91685912240185,0.18326340153955836,0.9598273880001216
92.60969976905312,0.18588631107972958,0.9590249989998938
91.45496535796767,0.18258756009705654,0.9689601679999669
88.68360277136259,0.17740142599621833,0.9743756489999669
91.68591224018475,0.18351852514488026,0.9635598970000956
90.76212471131639,0.1814513246804726,0.9623050569998668
89.37644341801386,0.17865787711843176,0.9606383880000067
92.37875288683603,0.18568919951191634,0.9728413590000855
94.22632794457274,0.18709631149828537,0.9557546979999643
91.45496535796767,0.18279300837845758,0.9586605780000355
90.76212471131639,0.18128178218669275,0.9605637589997968
89.60739030023095,0.17798002142518946,0.9660511590000169
92.37875288683603,0.18496777332096986,0.9602043089998915
89.37644341801386,0.17845021712520037,0.9451693770001839
91.68591224018475,0.18329541381558231,0.95621963900021
90.30023094688222,0.18133506733564178,0.9618525790001513
93.53348729792148,0.18644857459853026,0.9607761290003509
91.22401847575058,0.18181939707613015,0.9609249890004321
91.68591224018475,0.18425320814092025,0.9685626489999777
89.37644341801386,0.17876150620553774,0.9596237780001502
92.37875288683603,0.18447548900872673,0.9608777190001092
88.91454965357968,0.1774399710002923,0.9709244489999946
92.14780600461894,0.1842234158475146,0.9501298870000028
93.30254041570439,0.18703381825412432,0.9641034989999753
89.14549653579677,0.17689749117690434,0.9571570980001525
91.68591224018475,0.18273170346475892,0.9599211590002596
90.99307159353349,0.18156256884084587,0.9605907580003077
90.06928406466513,0.18150636643551163,0.9678937690000566
91.91685912240185,0.18422935914713118,0.9628443790002166
90.30023094688222,0.1810292145983314,0.9638028479998866
88.2217090069284,0.17678628149047185,0.9596190679999381
93.0715935334873,0.18577045742456277,0.9603219189998526
92.14780600461894,0.18504596231898282,0.9517951479997464
92.37875288683603,0.18597059973160832,0.9731534689999535
92.14780600461894,0.1844325607224001,0.967642029000217
92.37875288683603,0.18504154808085302,0.9679512689999683
92.14780600461894,0.18420134778850725,0.9587662590001855
91.68591224018475,0.18331622140800244,0.9538379979999263
93.53348729792148,0.187569397207456,0.9603178980000848
89.83833718244803,0.17927638656112277,0.9573509090000698
92.8406466512702,0.18555224442085355,0.9656576379998114
90.30023094688222,0.1801564263458169,0.9600228589997641
90.99307159353349,0.18194725395483421,0.9611469480000778
91.22401847575058,0.18294170096262719,0.9653632790000302
93.76443418013857,0.18684102929893714,0.9679803389999506
87.75981524249423,0.17588118936044003,0.9624512290001803
93.0715935334873,0.18634972991521392,0.973590379000143
90.76212471131639,0.1821743953213367,0.9609530590000759
92.8406466512702,0.18576591577439963,0.9594105780001883
90.76212471131639,0.1812553580272239,0.9632313389997762
90.99307159353349,0.18257301308001367,0.9552357880002091
93.30254041570439,0.18689544236338904,0.963781318999736
93.0715935334873,0.1867018180066896,0.9555878179999127
95.1501154734411,0.18901860274333052,0.9610174790000201
93.0715935334873,0.18562977651274296,0.9564930980000099
90.5311778290993,0.18155225599622557,0.9651284589999705
92.60969976905312,0.18588415558618676,0.9550092380000024
92.37875288683603,0.18461762725052838,0.9579902979999133
89.83833718244803,0.1803533010233898,0.963713297999675
93.30254041570439,0.18722268054793123,0.9677271089999522
89.37644341801386,0.17820903350284512,0.9651880679998612
85.45034642032333,0.17227707427475328,0.9685120279996227
92.8406466512702,0.18596243631107645,0.9567523470000197
93.53348729792148,0.18658118230669177,0.9616399879996607
90.30023094688222,0.18181719912163105,0.9720657190000566
90.06928406466513,0.18069197079305852,0.9693112390000351
89.37644341801386,0.17915725156351062,0.9667814590002308
92.14780600461894,0.18522938326231422,0.9605819079997673
90.06928406466513,0.18008958515440066,0.958256918999723
90.06928406466513,0.18118369847154903,0.967356388999633
89.14549653579677,0.17694033514290766,0.9710067890000573
90.30023094688222,0.18108264024026197,0.9622544779999771
90.30023094688222,0.18059351527238715,0.9520199879998472
90.99307159353349,0.18177693988495908,0.9642427789999601
92.8406466512702,0.18608181513891867,0.9526853879997361
92.37875288683603,0.18510557677387746,0.9668621889995848
89.14549653579677,0.1779276224418036,0.9527433970001766
90.99307159353349,0.18188547373693492,0.9513700279999284
90.76212471131639,0.18133843652642756,0.9521069170000374
87.52886836027713,0.1752896368820068,0.9456248480000795
93.53348729792148,0.18660629889400532,0.9583314080000491
88.91454965357968,0.17749053800666642,0.9497862080002051
92.14780600461894,0.18387762402504382,0.9531177379999463
91.91685912240185,0.18417927672089876,0.9610295379998206
91.91685912240185,0.184478085994145,0.9521158579996154
94.22632794457274,0.1874778374212507,0.9621176880000348
89.60739030023095,0.1789402729750773,0.9566654190002737
90.5311778290993,0.18107277279050876,0.9639612090004448
93.30254041570439,0.18694627943154693,0.9607092090000151
90.76212471131639,0.18140954793594594,0.9537082780002493
90.5311778290993,0.1809822737746311,0.95564124800012
93.53348729792148,0.18697602324965149,0.965041858999939
95.1501154734411,0.18867705727885925,0.9582009880000442
92.14780600461894,0.185129219395651,0.9552928279999833
90.5311778290993,0.18133720471023496,0.9676940989998002
91.45496535796767,0.18250842875212517,0.9673265889996401
93.99538106235565,0.18754224114509013,0.9621998779998648
89.83833718244803,0.1790117545608618,0.9628949990001274
87.29792147806005,0.17513681455240387,0.9681535489999078
93.30254041570439,0.18598488635924465,0.9634813779998694
90.99307159353349,0.18227623451787514,0.9616873790000682
93.76443418013857,0.1866019458838258,0.9728638390001834
91.68591224018475,0.1836807781092328,0.975970899999993
92.8406466512702,0.18670584578698973,0.9680906880003022
91.68591224018475,0.18374536887943957,0.9596072800000002
92.14780600461894,0.18445539652002432,0.9635076999998091
93.0715935334873,0.18533048897222856,0.9683127700000114
91.68591224018475,0.18293280551158506,0.9698298099997373
92.14780600461894,0.1841931467201005,0.9699424999998882
89.37644341801386,0.1785164339031757,0.974571239999932
93.53348729792148,0.18704477205600628,0.9744663199999195
