CQR Pct in range,CQR Avg length,Runtime,QRF Pct in range,QRF Avg length
89.64,2.0944899432281736,21.793175310000038,89.16,3.1702293261166754
92.24,2.112450352308141,22.982072156999948,91.4,2.4372939254219093
92.17999999999999,2.142528949081841,24.79825809500005,91.58,2.39863355920128
92.52,2.1417579632805466,23.917376838999985,90.53999999999999,2.428548416057175
88.94,2.084834172861946,24.61252277599999,89.8,2.279747049405499
92.17999999999999,2.1409251353656313,22.793363570999986,90.4,2.3923824469350263
93.17999999999999,2.154545135997304,22.756949911999982,91.25999999999999,2.601513406614399
90.86,2.112032292847158,22.62472791999994,89.94,2.353257903835924
90.08,2.059216022222967,22.56263911999997,89.36,2.2874576051503626
89.66,2.077259976788693,22.725730275999922,90.4,2.4211054882693257
93.14,2.1315052949113844,20.854796053999962,91.02,2.439986867494214
92.25999999999999,2.1084219124045163,20.866926147000072,90.64,2.3568957692614045
91.28,2.101820343777808,20.92641856499995,90.3,2.7240329315160916
91.38,2.1310877335950686,20.829954377000035,90.52,2.40442509224608
92.97999999999999,2.158721881949746,20.800124548999975,91.72,2.3992275546500283
91.4,2.125553663319742,22.115970006999987,91.0,2.397987264628042
92.02,2.136619802674964,22.029299111,90.82000000000001,2.639077146783705
91.38,2.0931958512083186,22.00333242299996,90.64,2.4102006640108646
92.72,2.1666895526852024,22.01283922499988,91.56,2.4507645029941942
89.78,2.0830784858677536,20.89439659499999,89.98,2.318691054161762
90.42,2.0906721404954314,22.22327200599989,90.60000000000001,2.493303144510347
91.38,2.0983212981206014,22.28913363400011,90.7,2.5801474850782826
88.75999999999999,2.069812914835679,23.714163218000067,90.02,2.3589801411136024
90.60000000000001,2.0958458348422395,23.616049491000012,90.14,2.334373911147986
90.24,2.1174607478202336,23.705892291000055,89.75999999999999,2.4051507358245012
91.42,2.118570289145026,25.115034728999944,90.78,2.4098328375447164
91.67999999999999,2.076335246342686,23.6752315130002,91.08000000000001,2.399679355575411
90.88000000000001,2.0953805876098426,23.722442627999953,90.44,2.37127818437896
92.64,2.1262985805856305,23.73854816999983,91.25999999999999,2.5152615074169127
90.5,2.1027409977653466,22.41815098400002,90.24,2.2934346901984966
91.18,2.105545072024118,22.34949520500004,90.84,2.3384063918108606
91.82000000000001,2.096358661099165,21.005522836999944,90.9,2.4725247373269634
89.28,2.0499534526907626,21.10488554099993,88.96,2.277347889547311
90.92,2.1088519985165717,21.106194894000055,89.75999999999999,2.396922890930629
92.38,2.1538331024514137,21.07010279899987,90.22,2.7590789287283077
91.53999999999999,2.0975249564032543,22.35167837899985,90.2,2.3338752947989323
92.16,2.0923420062625757,21.034022701999902,91.24,2.345449436306501
90.3,2.056591864200722,21.02635701600002,90.34,2.2503450117754973
92.44,2.142932979798607,21.05921986600015,91.24,2.8789900783551823
91.84,2.0969751927281344,21.08237644100018,90.86,2.297411813253806
91.42,2.067665569632935,21.010718244000145,91.8,2.4348739961448436
89.08,2.070875250294251,22.344273364999935,89.32,2.3568059948575653
90.14,2.076283446910454,21.003114588000017,91.4,2.2638060568244187
91.72,2.1238844601217024,21.1366587550001,90.66,2.7930212183402814
91.18,2.107689788345623,21.059650102999967,91.22,2.3467278968054166
88.48,2.0594366270489397,21.045281872000032,89.34,2.2860314800494517
91.94,2.1110988506902,21.086607694000122,91.06,2.3961190937477492
91.18,2.1374907344088956,22.31343060600011,90.34,2.456146822048106
92.4,2.107954161778064,21.11805613499996,91.7,2.3457319570529673
91.16,2.097547404123193,21.076267691000112,90.64,2.598047329117682
92.08,2.1260960380661005,21.038195667999844,91.24,2.447609715716128
91.34,2.090172113865961,21.02865560200007,90.9,2.319199339956802
91.88,2.1114445198613567,22.194535189999897,90.3,2.3849723027305942
90.96,2.113062004471271,20.85503579799979,90.7,2.3770759563925643
91.18,2.0886017125847975,20.837477025999988,90.98,2.4132590403765977
91.58,2.1202657548447843,20.788058559999854,90.68,2.4161398800494855
91.0,2.086668799417036,20.79946250099988,90.06,2.3549512830119665
92.54,2.1276638025570422,20.77355388000001,90.58,2.351767618513846
92.16,2.10291685748096,22.112253748000057,91.16,2.4628341837024754
89.2,2.070148365215566,20.787708041000087,89.02,2.3603349190352136
91.5,2.0685119937643677,20.777233126000056,90.82000000000001,2.319067870270777
92.84,2.1344380612497016,20.820736332000024,90.92,2.4012634777312227
92.06,2.109594219898452,20.763395270000046,91.12,2.6012474987203014
91.32000000000001,2.073900775332906,22.003444090999892,90.62,2.493941650649399
90.72,2.124613531410031,20.84288242399998,90.64,2.457775013943467
92.75999999999999,2.131648988239059,20.74232473400002,91.36,2.432574406119484
91.42,2.118277245224645,20.775954401000263,90.60000000000001,2.395891133364687
90.53999999999999,2.074721194166381,20.823336445000223,90.56,2.3208541535912444
91.14,2.1125793397744252,20.739453622999918,90.72,2.4334360269264033
91.62,2.1085589599066488,22.118630012000267,90.8,2.3556008423081924
90.74,2.1100171416507467,20.82605412399971,90.52,2.4370184684295912
91.52,2.1181110076039538,20.783486169999833,91.06,2.4188235092507857
91.12,2.1229066118278723,20.764049856999918,90.75999999999999,2.5752133739931944
91.84,2.106408325580541,20.797108859000218,91.03999999999999,2.4089808822093217
91.58,2.081634729777708,21.38121784699979,91.58,2.3783755271937363
91.02,2.075615399516533,21.544204690999777,91.38,2.2702643926545623
90.62,2.0856418720544183,20.7385856599999,89.96,2.5170216289231147
92.16,2.134736258998578,20.746225181000227,90.92,2.40273773153878
91.06,2.0965389413400235,20.786845661999905,90.58,2.9680649879480088
91.62,2.1077199319615336,20.859105198999714,91.47999999999999,2.4057619102117944
91.10000000000001,2.1055717532863585,22.082046810000065,90.68,2.342880097536199
91.78,2.1179164658770513,20.769493178000175,91.12,2.4369545170681146
88.96,2.0616160659142726,20.744995374000155,89.66,2.3507593112180927
92.47999999999999,2.1339259611956236,20.81157967299987,91.24,2.3841983469373327
92.54,2.1293822677196457,20.748379934999775,90.74,2.409480986841117
92.38,2.1196040415886963,20.79524895800023,91.46,2.49220406684886
90.53999999999999,2.0951529894330694,22.011055939000016,89.64,2.3636151939052055
91.94,2.092687418738802,20.76799483900004,91.3,2.2871838506640843
90.74,2.101496085981492,20.720768477000092,90.46,2.3911912646597133
90.12,2.082190889796541,20.78118686500011,90.18,2.3799219776970904
91.96,2.156857553433155,20.714225503000307,91.10000000000001,2.453777886304972
90.98,2.1016900393543683,21.969410617999984,90.88000000000001,2.3394800181930036
91.97999999999999,2.115476296424686,20.6988108139999,90.68,2.3739107774036685
90.58,2.0855141845761156,20.775273233000007,90.52,2.3164596519465563
91.74,2.1165282271452455,20.657699089999824,90.86,2.3489107839582184
91.32000000000001,2.0964062249393907,20.710949360000086,90.08,2.369132558097112
90.94,2.0860785234925476,20.74841295100032,90.44,2.7390056265488076
92.25999999999999,2.116469320413423,21.990898646000005,91.5,2.8770856110299783
91.3,2.1036493942680683,20.689622945999872,89.68,2.3859744721670153
92.24,2.1176974227173697,20.65036076000024,91.02,2.3657574967850583
91.7,2.1300004301441926,20.766862884000147,90.32,2.3313827032044854
91.56,2.118159219352,20.699111794000146,90.72,3.169398551823338
90.3,2.088965654533408,21.884102642000016,90.24,2.274803832612077
91.66,2.105990485672808,20.640486234000036,90.08,2.3886647402479606
90.03999999999999,2.0980243249369246,20.670579321000332,89.92,2.5409302652571126
91.2,2.1124751869315697,20.695041231000232,90.9,2.3706484263968393
89.34,2.053389502785823,20.670372895000128,90.56,2.2855503700621593
91.56,2.084523349236586,20.617577577000247,91.52,2.383220612868077
92.56,2.1478729282287796,22.01405476200034,90.8,2.415790949570594
89.74,2.092385391717498,20.70541514100023,89.86,2.309147042562642
90.38000000000001,2.0799863003489323,20.6839863539999,90.4,2.358624593286352
91.94,2.0874583851877353,20.616159601999698,90.22,2.5436787991536693
91.46,2.112741194676683,20.697155560000283,90.94,2.4111241340597873
93.0,2.1334672452017522,21.926568149000104,91.74,2.4896266264391844
92.72,2.123770653007461,20.772272937999787,91.52,2.3932197923302607
91.64,2.1043548451860894,20.85254284499979,90.48,2.435175154689039
90.92,2.1067892247778603,20.880978630999834,90.25999999999999,2.385793698805802
89.72,2.063192066091595,20.76328564100004,90.46,2.5315242650255043
92.60000000000001,2.1590065206106854,20.821467096000106,91.38,2.5375892676590723
90.34,2.079495825381485,22.044515550999677,89.7,2.633420273399583
92.02,2.090261751204989,20.83676549100028,90.5,2.294829951719493
92.0,2.1189622063155373,20.76698502199997,90.0,2.3075698149755226
90.66,2.117539610635014,20.702122443999997,90.96,2.391946556375155
91.46,2.123197249915769,20.852664174999973,90.62,2.4555911562871495
91.96,2.1392151510497714,22.10084613700019,90.62,2.6185406919776395
91.06,2.0879633805132833,20.79199639699982,90.25999999999999,2.3790305930097864
90.66,2.106858054494499,20.83457076600007,91.34,2.4662073877838986
91.60000000000001,2.0953673117531078,20.638484589999734,90.8,2.7520031433849943
91.74,2.1090595991093743,20.681979152000167,90.94,2.3376157048715016
90.58,2.1031929385140575,20.75582157100007,90.66,2.3528562415539067
91.84,2.116179976222987,22.01108883699999,90.82000000000001,2.417029789082335
91.64,2.0952733627992233,20.684401262999927,90.64,2.371501331277169
90.18,2.1037584748002582,20.751939193999988,89.92,2.318138398980336
91.8,2.1256702809439294,20.669417151999824,90.06,2.4442003478519005
91.14,2.110818069469896,20.667211231000238,90.60000000000001,2.350813988470091
91.10000000000001,2.1135122115051685,21.983179116999963,90.18,2.380341467912757
91.60000000000001,2.0982803842361544,20.675919683999837,90.24,2.398118294203783
91.82000000000001,2.114550442436052,20.740698193999833,90.84,2.4415041097331103
91.88,2.1106647766904088,20.748932002999936,90.68,2.346159648551638
91.0,2.100730307013122,20.662189430000126,89.88000000000001,2.2847913553954853
91.10000000000001,2.0834041247065893,20.697108131999812,90.56,2.651707555630092
88.9,2.0652782834518186,21.95795432099976,90.02,2.3179504474224237
89.78,2.0876007805041352,20.716865405000135,89.74,2.2427950550627838
89.5,2.077902737330886,20.722620017999816,89.60000000000001,2.533853883180931
91.44,2.090947751023023,20.572482456000216,90.38000000000001,2.567183241702378
91.38,2.112093167269356,20.696876746999806,90.38000000000001,2.383831028410617
91.22,2.111359126505486,20.747287906999645,90.02,2.436779841476825
91.72,2.1100802683464557,20.731453665000117,90.96,2.397687167566372
91.4,2.099397403063855,20.64265436300002,90.2,2.356964343524729
90.06,2.081300381828455,20.721266897000078,89.58,2.404187916271015
90.96,2.094232202718695,20.649469499000134,90.10000000000001,2.4340877242000816
93.22,2.146000857985862,20.70306355699995,91.46,2.3805723585495997
91.36,2.1137950897151474,20.679106067000248,90.36,2.4444248659539367
90.60000000000001,2.104750133275761,20.673204578999957,90.12,2.3759115340946573
89.75999999999999,2.0783744703090674,20.651114441000118,90.22,2.313412767198881
89.86,2.0964382669796855,20.74862965500006,89.9,2.350887715023178
90.14,2.0692944603719385,20.672835318000125,90.46,2.503840595360172
91.78,2.1425759776971893,20.6977694279999,90.86,2.4240947535549036
91.16,2.1151016254029265,20.722294910000073,90.08,2.4464909381821847
90.9,2.102001313513165,20.77225789000022,91.66,2.5533199201756362
90.8,2.134377495195254,20.690454942999622,91.0,2.409487485632866
91.52,2.108285570413857,20.65074196400019,90.44,2.312503119029192
92.60000000000001,2.127823526565257,20.675509266000063,91.22,2.3741282143062366
89.82,2.0682550597611944,20.74499167299973,90.2,2.370187142954182
89.98,2.091625836791373,20.693051064999963,90.62,2.4442302238058065
91.4,2.099316749364243,20.735937323000144,90.2,2.4433858533211654
90.94,2.100203568206049,20.76929597399976,90.10000000000001,2.277820897967201
89.94,2.0801300073552325,20.757905644999482,89.64,2.378771706181098
91.12,2.057588273103898,20.761814727000456,90.82000000000001,2.3922647864134103
91.88,2.113369849305568,20.707384274000106,90.46,2.4489324254779254
90.64,2.0960937257119348,20.709493966000082,89.66,2.337230187561292
92.16,2.134118919083597,20.67145568900014,91.0,2.4167283735593954
90.44,2.0915427355773115,20.72366505300033,90.44,2.2998930150730854
90.88000000000001,2.0970167507855217,20.62265865900008,90.86,2.4373561514088715
90.56,2.0684493240057185,20.68531832699955,90.62,2.472610244910037
90.28,2.0751675553883753,20.6154749719999,89.9,2.4205274763838394
92.52,2.1275343285336907,20.637213488999805,91.4,2.402222217780647
91.4,2.1307830804666974,20.61745528300071,90.64,2.4692116087447777
90.58,2.1011630337842298,20.646168242000385,90.38000000000001,2.3911043047054763
92.0,2.089693791116327,20.73787776500012,89.82,2.3151368519040365
90.75999999999999,2.116909965250088,20.588903166999444,89.92,2.460298539541223
90.64,2.090011769727355,20.602385950000098,89.9,2.315763205571179
90.9,2.092011657259465,20.63300613699994,90.75999999999999,2.7485647799295627
89.98,2.065565282130187,20.68528788599997,89.56,2.259558897536685
91.44,2.1157775937069387,20.723959193000155,90.86,2.3960564447871695
92.62,2.1624349747098064,20.723670808999486,90.92,2.455225225447837
91.25999999999999,2.0863994960374934,20.645139597000707,91.22,2.497100343469542
92.54,2.1296285425718837,20.65281105199938,91.3,2.43201604465236
90.48,2.1159651777707507,20.587785228999564,89.75999999999999,2.3724725050948114
92.38,2.1080954204647946,20.67292088999966,91.38,2.391826415381428
90.64,2.080739786741873,20.716843402999984,89.98,2.3234736268226435
91.72,2.0806575955824944,20.670799978000105,90.52,2.8780988981736955
92.58,2.1323479077605545,20.593040995000592,91.14,2.4048640535345687
90.2,2.099521570062983,20.62178824700004,90.34,2.3379777974728895
91.96,2.112044827408767,20.675857979000284,90.38000000000001,2.3773120515799064
90.22,2.083148907913417,20.681714706999628,90.62,2.723242630409389
92.5,2.1440382496546735,20.699598711999897,90.58,2.477747292988596
92.44,2.1574359399584138,20.760490806000234,90.28,2.4423765619875994
89.88000000000001,2.1050448835873614,20.819473057999858,90.14,2.3386460772391584
91.67999999999999,2.1098360902130535,20.814322762999836,90.7,2.3241313331975713
89.74,2.0802833654305104,20.835357943999952,90.38000000000001,2.3372291352576022
91.44,2.1022038515617156,20.758279752999442,91.10000000000001,2.4902940144479633
91.5,2.0859888745629664,20.827043146000506,90.75999999999999,2.3583649724861835
90.94,2.1012785135263745,20.778984038999624,90.64,2.3311692398931556
89.86,2.0831268369367932,20.78895147700041,89.96,2.4072258686207113
93.10000000000001,2.127203046589731,20.72362373099986,91.66,2.459648655238931
92.36,2.1451730077527635,20.70215499799997,90.14,2.439772899467149
92.52,2.132481188088032,20.77625332200023,90.88000000000001,2.3949020893367017
91.2,2.098689924656193,20.777057606999733,90.56,2.378216131105765
91.9,2.124310984624185,20.7335353389999,90.72,2.410193347165622
90.16,2.083224179942376,20.72796069100059,89.9,2.2688515903110233
92.25999999999999,2.141980817086264,20.738852403000237,91.34,2.449729776792426
90.25999999999999,2.090058975595853,20.733027401000072,89.84,2.287531846499785
90.46,2.0594157536786972,22.087854590999996,90.28,2.2481101950186058
91.28,2.1032102927815948,21.942177445999732,90.34,2.3398990087381653
92.10000000000001,2.127396971556278,21.948207409000133,91.42,2.3872573617634663
90.86,2.086731957919524,21.988378091000413,90.2,2.2594095702846557
90.42,2.0965034334985706,22.04892378400018,89.98,2.3978337235925284
91.47999999999999,2.1068567751380605,22.06025055599912,90.34,2.343413226940726
90.2,2.0873899983012114,22.014440738000303,89.8,2.826874547379671
91.84,2.124024323590353,22.007088623000527,90.3,2.7060131662958624
92.02,2.1292342493509873,21.984673910999845,90.78,2.5191857247080676
90.53999999999999,2.1013449000691238,21.926915271000325,90.06,2.3707462003953608
92.34,2.119907769074296,22.06517400699977,92.10000000000001,2.3904480154558083
91.67999999999999,2.079706159614852,22.31374894400051,91.4,2.419877324820937
91.53999999999999,2.0944260737652667,21.92800193199946,90.94,2.3137972476688535
91.84,2.139154477399374,22.00604946400017,90.82000000000001,2.4583009764719064
91.60000000000001,2.097099253662009,22.091944532000525,90.38000000000001,2.452061732519904
91.5,2.0944564920135886,22.112269236999964,91.67999999999999,2.330817832999463
92.24,2.1234270215717954,22.136024849999558,91.08000000000001,2.516241341741054
91.14,2.1238602544926786,22.302735514000233,90.68,2.392945077352729
89.92,2.069743771050217,22.481595624000875,90.06,2.4474008146551327
91.62,2.107878012764349,24.170341885999733,90.74,2.5980618762961445
90.0,2.0566278506627307,23.635849934999897,90.2,2.360325258073416
92.34,2.1184390982558354,22.45466086400029,91.32000000000001,2.401113082509167
89.28,2.0753406873565816,21.984795377999944,89.72,2.3879818879088357
91.03999999999999,2.121487147751696,21.98251531799997,90.4,2.341373869077268
92.12,2.143743619026419,22.01865696599998,91.75999999999999,2.556348436036735
93.06,2.144920341852026,22.02363089299979,90.78,2.406903440224872
90.96,2.094787437077553,22.024946861999524,89.94,2.3803310336242225
92.0,2.102468706911509,22.108455304999552,91.0,2.3272788875977954
90.10000000000001,2.0766435158808307,23.660844121000082,89.58,2.25991915917875
93.12,2.1355502275780216,23.460674717000074,91.67999999999999,2.3990496025473433
90.9,2.0853068772740997,23.23043617700023,91.03999999999999,2.640178635583407
91.3,2.079892979306009,23.66587955399973,90.74,2.3474727843341663
90.12,2.091576235784912,23.58491486499952,90.53999999999999,2.3026202250836048
91.67999999999999,2.1228204053029347,23.470565894000174,90.84,2.421634827989638
92.08,2.114321341583222,22.83044727699962,91.28,2.7724308478406865
91.72,2.131248518463673,23.39941236100003,90.52,2.3821787832340786
91.5,2.1213095167834854,23.463668651999797,91.44,2.424341119655192
90.25999999999999,2.0863370721529404,23.575142650999624,89.88000000000001,3.038161067294838
91.3,2.0937830805026327,22.04654143800053,91.38,2.347538768884707
90.08,2.083122574841904,22.10014373500053,90.52,2.2797712715680647
92.08,2.079952669381907,21.92725906799933,90.96,2.332163218008908
92.34,2.126131061602755,21.968332268000268,91.67999999999999,2.3913287735080675
92.5,2.1353378696423735,21.9441462220002,91.2,2.4178855093960623
90.14,2.074615231599008,21.972071395999592,90.0,2.6183954515375225
89.1,2.0993190267156083,21.922250281999368,89.46,2.309380445922336
89.9,2.0710356982310842,22.078982730999996,90.68,2.369459678284459
92.34,2.1142781449525874,22.112035246999767,90.74,2.4802636123317527
91.62,2.0948621056363925,22.214165415000025,90.9,2.340734413538276
91.96,2.133193515014067,22.245264577999478,90.74,2.35088274421364
90.66,2.096232111920213,22.024538823000512,90.4,2.3865368719391897
91.22,2.0998505732573163,21.98824080600025,90.98,2.4275693045797224
89.18,2.0759922321358832,21.900312280000435,89.8,2.3395826729021225
91.56,2.1038944248937765,21.915028538000115,91.3,2.455613722227414
90.82000000000001,2.082077105312376,22.367364160999387,89.05999999999999,2.3575472021832464
90.96,2.086921962467237,22.417610923999746,89.86,2.3374098886075254
89.46,2.0886343708208175,21.961107629999788,89.92,2.3454865899790267
90.8,2.064731895199471,21.964733539000008,90.38000000000001,2.279300607279803
92.47999999999999,2.1519487964177193,21.878122481999526,90.82000000000001,2.383441075345598
91.8,2.1509951126550555,21.98784620600054,90.96,2.5845604975634275
91.14,2.075258605245154,22.114008335000108,91.14,2.5502827358347795
91.8,2.128640092660586,22.0933757949997,90.64,2.3939410583323015
91.3,2.1069473973294253,22.013383813000473,90.25999999999999,2.4074660824475655
91.38,2.1061103827207415,21.955639467000765,90.86,2.4872225503346606
90.0,2.078641913019747,21.94626153399986,89.16,2.4850718914419665
89.28,2.074498784615788,21.984809540999777,89.53999999999999,2.236237908223618
92.2,2.110551351139813,22.209582511000008,91.03999999999999,2.406637457802866
92.24,2.118688541040589,22.959519203000127,91.92,2.411148530496558
90.86,2.0797723762582434,23.968167778999486,91.2,2.2838501176078783
91.8,2.0966593377365235,22.367328890999488,90.56,2.48275610879815
91.32000000000001,2.108993655030796,21.94079245699959,90.58,2.384825940611014
89.02,2.0672845679108325,22.043998250000186,89.56,2.2618275903126692
90.58,2.074608120356611,22.005401259999417,90.0,2.458512395822618
90.48,2.0966482490254887,22.042316304999986,89.62,2.561158528138588
90.42,2.105000250369218,21.917150500999924,90.34,2.3908280992293576
90.3,2.0757732988960624,21.938804770999923,90.7,2.228361573425668
91.2,2.0912633759662147,21.952662081999733,90.94,2.3259361148250863
91.18,2.118582479516559,21.878535208999892,89.7,2.330563492936724
91.16,2.094611027004534,21.843526797999402,90.75999999999999,2.3744475553939504
91.47999999999999,2.11855030942017,21.976693503000206,90.42,2.433838981513917
91.28,2.1037451758348906,21.905286872000033,89.84,2.5072547019672586
93.16,2.1703124670429976,22.015223180999783,90.75999999999999,2.5878902177389502
93.97999999999999,2.208000176791023,21.992320942000333,91.2,2.839451187997418
91.94,2.12394256953179,21.95007270499991,90.75999999999999,2.4212797491645235
91.12,2.084560574724301,21.958902989999842,89.18,2.3383529142699087
90.75999999999999,2.08848980787962,21.99449773700053,89.88000000000001,2.393190036605859
91.32000000000001,2.1034374567985963,22.00102356699972,91.2,2.3925768681365613
91.82000000000001,2.1254955633246926,21.97406523599966,90.32,2.404750031988719
90.60000000000001,2.07670025538171,22.061183087000245,91.4,2.6648532774124374
91.67999999999999,2.098510806390616,21.96420232699984,91.08000000000001,2.3353571426082236
91.28,2.133493000306238,21.949900567999975,91.10000000000001,2.5079607707419695
88.9,2.0753876090469823,21.902757408999605,90.02,2.5222403523943147
91.5,2.0866091259776542,22.041056246999688,90.56,2.3559230128987
91.72,2.098896352115067,21.9553887510001,90.3,2.287487531115968
89.3,2.093559957924988,21.86655565500041,89.75999999999999,2.3383520054309046
92.62,2.1403236554487792,22.01612080799987,90.36,2.392950894677428
91.38,2.0932455256796523,22.152707952000128,90.74,2.3824701055943964
91.16,2.118736384262871,22.32330645299953,90.92,2.41789243590891
91.8,2.1245901761672323,22.0553570029997,90.42,2.3438030208442426
91.2,2.0985564044319043,21.981001607000508,89.82,2.753706814657127
89.94,2.084720204245148,22.082925697000064,89.88000000000001,2.372542742089306
90.64,2.0911707641911925,21.95246484100062,90.28,2.3815523497168583
91.02,2.101556496093296,21.930153702000098,91.18,2.4120544205898646
91.32000000000001,2.0697621438289193,22.028041597000083,91.18,2.636942208538809
91.5,2.113751848991606,22.06297670999993,90.0,2.377702048876311
92.10000000000001,2.088233420342771,22.02333319799982,91.38,2.3331876501486213
91.58,2.1023416750996926,22.07665646300029,90.18,2.390803558178551
91.25999999999999,2.115449257988311,22.079942717999984,90.02,2.5091450475549246
90.98,2.1202462718151844,22.030837351000628,90.48,2.4306493509560836
91.03999999999999,2.1170680061468485,22.07893469999999,89.9,2.3566334560275677
91.47999999999999,2.1100588411699523,22.065621080999335,90.58,2.3677373766836767
91.78,2.097288285381292,22.07369203000053,90.96,2.3410866199937796
89.25999999999999,2.076895105609978,22.02438448799967,89.78,2.322862482292187
90.64,2.0855244285142245,22.06147636300011,89.62,2.389238400817763
91.64,2.112854882158493,22.052190979000443,90.3,2.3329015042703545
89.86,2.072576980722658,21.935769089999667,88.66000000000001,2.3196526521374348
89.25999999999999,2.069641887313823,22.014490664000732,89.7,2.3625583234807155
90.84,2.066861956206698,21.936379284000395,90.24,2.3163154595205495
91.14,2.0900806953530364,21.99186713600011,91.06,2.3419964163556806
91.38,2.10833905271128,21.95375940899976,90.9,2.333251379466066
89.9,2.0776945154177064,22.028387923000082,90.18,2.3300779309499187
91.32000000000001,2.0871776439982805,21.989332930999808,90.58,2.368885031356659
91.64,2.1104271481061345,21.951103117000457,91.53999999999999,2.5933316699570748
91.18,2.06264503205094,21.9803852619998,91.28,2.3009646870477054
90.32,2.0899084156995897,21.936493545999838,90.02,2.3161580980897236
91.72,2.105697448268887,21.98392607599999,90.16,2.6129811096468827
91.67999999999999,2.1190660586892185,22.006750874999852,90.94,2.326141275826944
90.24,2.0840935044569515,22.009354030000395,89.78,2.3263563548949313
91.53999999999999,2.091393487422992,22.10767370800022,90.25999999999999,2.4204913996429473
91.18,2.1183668790396126,21.954682337999657,90.78,2.4515359303953117
91.67999999999999,2.114807756699181,21.87840552199941,90.75999999999999,3.129685430200134
91.06,2.094082133193032,21.964737895000326,90.10000000000001,2.3132226383971393
91.08000000000001,2.1056644871055887,21.95220203899953,90.36,2.382659992901505
90.88000000000001,2.092412848426689,21.89711640099995,89.98,2.401524332962051
90.22,2.074595625102375,21.91556082599982,90.84,2.3127636381092906
91.72,2.1166768622319068,22.00908288899973,90.62,2.373979813513724
91.8,2.1034689431353693,21.976614559000154,90.48,2.3936476410120204
90.92,2.1081968404769404,23.359155147999445,89.96,2.326684391360489
90.32,2.083421062379393,23.323147637000147,90.42,2.613478876084782
90.98,2.0991278485840894,23.363230324999677,91.02,2.813827765976635
90.22,2.088861421690405,23.287771698000142,91.16,2.432901361538441
91.78,2.109488431659282,23.378069537000556,90.46,2.332616085184931
90.66,2.094381582501325,23.356279627998447,90.38000000000001,2.6150049827943365
91.22,2.087940734760611,23.35133816600137,91.32000000000001,2.343269065764385
90.16,2.092149341158618,23.374026563998996,90.42,2.353016059362301
92.25999999999999,2.117864701676182,23.381120349000412,91.25999999999999,2.381864102265917
92.36,2.121873668787045,23.338774316000126,90.96,2.7599479998210534
91.28,2.0948998162139696,23.363680143000238,90.34,2.4710015044308484
91.62,2.1200687121835404,23.41521710000052,90.86,2.4441489799351297
90.58,2.073938021813413,23.35714406199986,90.53999999999999,2.334348497548255
90.56,2.0984416098249725,23.348669938000967,90.42,2.346144569895772
92.04,2.129688831666926,23.37771542700102,90.98,2.4146080814285322
91.25999999999999,2.092568712773334,23.39805234800042,90.42,2.3533119943436382
93.32000000000001,2.1415640935005964,23.41748700700009,91.25999999999999,2.3531327795478427
90.94,2.077446922352216,23.357705505999547,90.44,2.3145648725738646
91.52,2.084705662942369,23.439583561999825,90.94,2.362409145065927
91.64,2.1441135000035976,23.44725465800002,90.36,2.3839879935368105
90.94,2.1050434732330765,23.37630112000079,90.34,2.3465529456465863
89.46,2.086358150843595,23.303148873999817,89.78,2.6921976518796984
91.67999999999999,2.111954809531123,23.381954376000067,91.12,2.529763933125513
91.14,2.1250569790946443,23.367482756000754,90.62,2.303316087174615
92.14,2.1070310057734547,23.324830911999015,91.62,2.7450048657151878
91.06,2.095286978192326,23.335708267999507,89.74,2.3905701291167794
92.10000000000001,2.119186556987936,23.371129560000554,89.72,2.38001377867544
91.32000000000001,2.1069604942125943,23.346633598001063,90.88000000000001,2.63393886589006
92.7,2.1503243679397994,23.51269845599927,91.14,2.4142959792685406
91.08000000000001,2.079970832036383,22.129540332000033,90.10000000000001,2.3787823278722575
92.44,2.130848691544236,22.208351638999375,91.3,2.348174050282143
91.60000000000001,2.1064064078247973,23.735309689000132,90.48,2.486930887258433
90.3,2.091417125769258,23.62054546499894,89.66,2.2849469545492314
90.72,2.08890339888152,23.704548779000106,89.68,2.3718873563410083
89.88000000000001,2.116658921682244,23.65466557599939,89.62,2.3441532396664253
91.74,2.092109427404443,23.658499666998978,91.24,2.3684352022638997
91.25999999999999,2.085517562834936,23.629763730999912,91.25999999999999,2.9987202520043184
90.02,2.0834877029760004,23.625142142000186,90.16,2.3634110707861
92.12,2.0913962035896256,23.631008791000568,91.8,2.3699950584271363
90.68,2.0875025769578475,23.60406717799924,89.84,2.3477586308825913
91.74,2.0891722450622283,23.638761240999884,90.92,2.3625946917658744
92.54,2.1542117272725103,23.601193903999956,90.86,2.918173675910187
91.42,2.1092370496222483,23.522439303998908,90.5,2.3780739485834137
90.3,2.0738297443642106,23.693863518001308,89.62,2.3349475556453814
91.16,2.106394932558664,23.699552169000526,91.06,2.4317814129865134
92.08,2.1208371306270912,23.724126687000535,90.9,2.4188271236355163
90.36,2.11255927827767,23.698927200999606,89.78,2.358175673284156
91.53999999999999,2.1112997009606365,23.664736796999932,90.48,2.416325331988796
91.47999999999999,2.091213567252242,23.621758850000333,90.44,2.3645927581793678
91.38,2.1050405050571572,23.707129143000202,90.66,2.322588162159898
92.47999999999999,2.1316369939220907,23.665049986999293,90.25999999999999,2.5123457649179812
91.8,2.120279820732906,23.686765590000505,90.62,3.2069190064535413
90.82000000000001,2.0798976919234593,20.71146187799968,89.96,2.4451984904722384
91.14,2.0724960300828914,20.643374666000454,89.52,2.233300677733034
91.8,2.1136665481186414,20.642634542999076,90.44,2.3917819853101654
92.78,2.1265992003444922,20.708408435999445,91.56,2.510619979110148
90.92,2.1227253935835813,20.64994568200018,90.7,2.407313572796024
92.02,2.11381778418528,20.7019413099988,90.32,2.3068794672363753
90.48,2.1015347111072424,20.70805671800008,90.52,2.3631665213018875
89.5,2.0804946982061203,20.744230794000032,89.98,2.7358612470581245
91.9,2.087488031612308,20.717623185000775,91.14,2.3217394856694744
90.74,2.0709355946150985,20.688511207001284,90.48,2.326134908506659
90.96,2.109423423244974,20.735392941998725,89.72,2.2933956021757003
92.82000000000001,2.133639443709339,20.680473644000813,91.9,2.4415017727407764
90.64,2.065534449925905,20.657893591000175,90.36,2.2428856279784433
90.68,2.099882309668382,20.663115995001135,90.38000000000001,2.3809382607624165
90.60000000000001,2.1087275392126443,20.732899071999782,90.22,2.3911645447887846
91.58,2.11602379591425,20.67069714200079,90.88000000000001,2.477940564734192
92.14,2.1170753455889564,20.7131725979998,90.46,2.3987653202641073
90.9,2.1075308177089918,20.779316005999135,90.42,2.456964419418513
90.96,2.0819229679981373,20.774997914999403,90.03999999999999,2.35538991409406
92.22,2.1417204595262773,20.679169394001292,90.5,2.376473155832058
90.84,2.0826062875002593,20.769243898999775,90.56,2.5105215212444216
89.9,2.0462746948773596,20.77858860699962,90.60000000000001,2.2441844626066567
91.7,2.1373504324012766,20.736383345998547,90.60000000000001,2.5293859135489263
90.24,2.1025741554371953,20.720342311000422,90.18,2.3984839315158717
90.4,2.0772293257200616,20.77907969899934,89.98,2.24900799917243
91.53999999999999,2.107065920317354,20.666133129001537,90.66,2.3773284952454445
90.12,2.0950705465146777,20.752030231999015,90.48,2.442906384454832
91.44,2.095830746588507,20.723477542000182,90.53999999999999,2.345616398226419
91.74,2.093122246196605,20.728144347000125,91.16,2.325295514564371
90.75999999999999,2.0767958864886853,20.680595851999897,90.44,2.404816812875819
91.56,2.061070036360344,20.736171995000404,91.08000000000001,2.825312018800986
89.74,2.0607802876168826,20.675329683999735,89.7,2.440134295983752
92.22,2.0907726222532874,20.78507973500018,91.08000000000001,2.339241046159161
91.7,2.1336062669845934,20.7918135430009,90.22,2.4594381740266695
90.86,2.106237583579852,20.782029023999712,89.58,2.8654849099403736
91.06,2.0994415272174307,20.7590859539996,90.62,2.372983177899125
91.36,2.107476496257083,20.75104917600038,90.52,2.3790966080613702
92.30000000000001,2.117475863184919,20.818600374999733,90.96,2.5588584145596904
91.03999999999999,2.0995021659968853,20.68925003699951,90.2,2.362036043679105
91.94,2.111678109495794,20.787068619998536,90.75999999999999,2.336862392194663
91.3,2.1048714721539277,20.65758368800016,90.58,2.51458319340099
90.9,2.0952127081729026,20.786836166000285,90.02,2.3668499717638696
93.32000000000001,2.1606985428216174,20.71568383200065,91.34,2.5024335260556843
92.32000000000001,2.120292726692136,20.70462952700109,91.22,2.7248347656841867
91.62,2.1021573838065515,20.809279670998876,91.03999999999999,2.582047068493934
91.66,2.1182181386800316,20.715069109999604,90.58,2.3499833564602155
91.53999999999999,2.0884111244931725,20.763823178000166,90.86,2.34478361958347
92.75999999999999,2.1218453122529035,20.735249003000717,91.92,2.9468232327306048
91.94,2.1045132753210303,20.675295005999942,91.03999999999999,2.3365267355973827
92.02,2.1065698332361222,20.754782773999978,90.74,2.2635571762396567
91.25999999999999,2.0823956859297055,20.73922863400003,90.4,2.2724882640751893
90.92,2.131446489449077,20.6967828249999,89.75999999999999,2.301847704722414
91.24,2.1143897536742164,20.747058649998507,90.24,2.4057089333964794
90.38000000000001,2.0938186374395786,20.792112204999285,90.44,2.451023664477455
92.06,2.117695312655332,20.692984145000082,90.18,2.3941959787966702
89.60000000000001,2.0881854576402326,20.687690217000636,89.5,2.577666240576678
92.24,2.1332387057285023,20.799670338001306,91.2,2.460327737397492
91.66,2.1170284396925303,20.70085204499992,90.34,2.510700554948502
91.38,2.122155582144337,20.647177140999702,90.82000000000001,2.4317897595177995
91.66,2.129652149990885,20.721177196999633,90.25999999999999,2.3574223456574854
92.97999999999999,2.171284989559302,20.649571202000516,91.62,2.621389730144198
90.36,2.1026074953999023,20.696230744000786,89.94,2.347817699356615
89.78,2.07990910260914,20.806794362999426,89.60000000000001,2.3482846922324794
92.28,2.1320071659406583,20.76460414900066,90.62,2.8507348392942395
89.78,2.052218163722522,20.76210038499994,90.48,2.7996744294548583
91.12,2.10457278641187,20.84155614500014,90.88000000000001,2.3828798901096064
89.12,2.074695462170014,20.692441110999425,89.22,2.3458659765977767
90.66,2.110301254104459,20.815566289000344,89.28,2.397942940224571
92.52,2.1324418903000235,20.777105372000733,91.67999999999999,2.3996901694007016
92.2,2.129387146635943,20.783867307000037,91.32000000000001,2.4571160892237596
91.56,2.1019208996834218,20.696126516999357,90.2,2.521753765821312
93.24,2.1265199779871904,20.736576797999078,91.82000000000001,2.3643944884331525
91.88,2.121191096597626,20.717570692000663,90.86,2.380559386202885
90.4,2.0916350682186673,20.861864123999112,90.94,2.3720445870866578
90.62,2.0886367542352096,20.773836138998377,90.2,2.3762105942041964
93.66,2.1469950948503866,20.763225697999587,91.86,2.422914134637817
91.64,2.0938055298845653,20.749478883999473,91.03999999999999,2.3430542922161584
92.9,2.167941403819166,20.73242270300034,91.56,2.4881239106265283
91.72,2.109704397628372,20.786038604999703,90.72,2.3885636484044617
89.98,2.067292703720923,20.785741593999774,90.5,2.2855031784514774
91.7,2.0933145952967407,20.773379407000903,91.58,2.3987511182409844
90.34,2.0999977381648516,20.72806814499927,89.34,2.344977834108031
92.36,2.1194523770786393,20.78699330299969,90.4,2.3731251851423525
91.08000000000001,2.0964932251467596,20.728709779999917,90.84,2.4274175968052325
89.48,2.072559505740202,20.733038702999693,89.56,2.68119415110767
91.3,2.1003852763105146,20.787106504001713,91.10000000000001,2.3250408194182244
92.72,2.1406131257392023,20.71304156900078,91.25999999999999,2.4942281000611803
91.7,2.125079046679719,20.715621375999035,90.84,2.4562498554484495
91.36,2.102962763380944,20.777510375999555,90.06,2.338742380083866
90.94,2.09748385111154,20.723718138999175,90.14,2.668009586739278
91.42,2.1232191145297836,20.702930933999596,90.52,2.3637778265967127
91.47999999999999,2.1072216511867525,20.835466704998908,90.86,2.3575091519489555
92.88,2.127735230769685,20.757990856000106,91.8,2.3353248050931055
91.02,2.0971025574931548,20.78712597699996,90.0,2.6060448887440644
90.8,2.0838156348623293,20.707399713000996,90.46,2.341052987229176
91.4,2.0879476916656405,20.74232703999951,91.53999999999999,2.48327790629242
91.56,2.1054475170999596,20.83753307799998,90.72,2.3216038326963875
92.62,2.1275636750206437,20.816420530998585,91.9,2.4321838983754955
91.36,2.0802267048061136,20.813352954000948,90.2,2.3695476738553616
91.78,2.11402350898358,20.667729015000077,91.10000000000001,2.3676912897638167
92.24,2.1045600123344963,20.746322664001127,91.52,2.3536460428525463
92.16,2.1199123932352535,20.682831743999486,91.0,2.372298151274224
92.30000000000001,2.108495751390539,20.742499231999318,90.78,2.3812601882669804
93.14,2.1668536733482493,22.054679918999682,91.64,2.619689983905208
92.67999999999999,2.1278346004607362,22.074014957001054,91.60000000000001,2.542525290869512
92.30000000000001,2.104955663621208,22.026383443000668,91.34,2.308488986206194
92.30000000000001,2.104841538041542,22.069895337999696,91.4,2.4185728971247284
90.58,2.1174808229699478,22.01914699000008,90.44,2.3789860760880077
93.66,2.1615115737758197,22.121651835999728,91.46,2.4434524067363066
92.10000000000001,2.1148084981265844,22.028634788001,91.12,2.4097801287667755
89.12,2.07726421480684,22.081649071000356,91.0,2.30732019693224
91.75999999999999,2.1091836175219423,22.110102157001165,91.08000000000001,2.2813174787553727
92.38,2.105824407292971,22.04486548100067,91.82000000000001,2.5248666371565394
91.06,2.08978770572058,22.06407408099949,90.94,2.3438420104445976
90.58,2.09834031576948,22.044340906999423,89.86,2.5346510686851196
91.28,2.097814075602732,22.031337033000455,91.32000000000001,2.3968515558084493
92.02,2.113231460251848,22.034713438000836,91.0,2.5018330611071704
90.38000000000001,2.103491292914629,21.996528171001046,90.5,2.3068248964920777
90.94,2.1067448615386755,21.983928952000497,90.28,2.406885930453261
92.08,2.1373409505876086,22.096656931000325,91.25999999999999,2.714374822426585
89.42,2.0912285153283823,21.9435073679997,88.78,2.3415529620882896
90.68,2.076679986916766,23.546314109000377,90.18,2.2985538104684613
91.94,2.0833315875286695,23.517684824999378,91.62,2.5005567690460206
89.0,2.0774262367361507,23.43546720700033,89.72,2.295582116477898
89.02,2.089786393786367,23.501290846999837,89.32,2.404519328885756
91.78,2.1420440425426532,23.55457020099857,91.0,3.0998575647998283
89.24,2.072605431423047,23.606694815000083,88.72,2.315949427020507
92.66,2.1279944138243767,23.477031225000246,91.44,2.333356591934578
89.82,2.099770387475464,23.457679690000077,90.3,2.3318965690107234
92.0,2.1231677791055055,23.485285389999262,90.75999999999999,2.3569027049665414
91.5,2.107517375224448,23.519607117001215,90.60000000000001,2.432073850272575
90.46,2.097909930495581,23.48023841900067,90.28,2.295952132682651
91.0,2.0851907909792606,23.55216961199949,90.52,2.313588057228058
91.78,2.134617955396343,23.523753170999044,91.47999999999999,2.456927469584355
92.38,2.1440804754355245,23.53662972100028,91.46,2.641554792914836
90.9,2.093512643027234,23.50510571400082,90.74,2.358642326191556
89.74,2.0802245189052373,23.49239771500106,89.53999999999999,2.3761152253448605
91.08000000000001,2.123342367381803,23.496091623999746,91.16,2.4117559939288893
89.52,2.1026260632142932,23.476769263999813,89.44,2.2534957750781293
91.58,2.0988480712200377,23.50377803900119,90.56,2.491830592436788
92.94,2.1406947409188763,23.508887003999916,90.86,2.462768767637016
91.96,2.1159269087787793,23.429518435999853,90.02,2.586527605725387
92.28,2.1301795824148857,23.47337844700087,91.25999999999999,2.3945532648792818
90.08,2.0657889840870913,23.41920321500038,90.38000000000001,2.2486542685774866
92.56,2.1456664375986207,23.513555910998548,90.7,3.0414890653292903
90.25999999999999,2.0638025766431105,23.44949871099925,90.5,2.295032690155736
91.64,2.1181267595368207,23.445341257998734,91.03999999999999,2.399309275088751
91.64,2.0871756452592343,23.492111576000752,91.10000000000001,2.323521097404455
90.46,2.1066929448084784,23.482541917999697,90.06,2.3736984501666045
92.62,2.128237837218258,23.471790073001102,91.38,2.575544560784306
90.02,2.089331528887849,23.534735896999337,90.2,2.3814368692981756
92.12,2.0807298595362838,23.55004737800118,91.88,2.334113346274927
90.88000000000001,2.131589378943262,23.517387122999935,90.28,2.3938366696146716
92.28,2.0978104714369183,23.507115420001355,90.86,2.412001442412871
91.14,2.0999500157711046,23.507457302999683,90.32,2.3467542890078117
93.2,2.1505594377179995,23.47696345999975,90.84,2.3984211555482857
91.74,2.11047164411148,23.536012955999468,91.10000000000001,2.3541485346120927
90.25999999999999,2.073293168324053,23.57312637799987,89.7,2.5049321978080936
92.72,2.1684552263551566,23.51029776699943,91.06,2.4961419030418037
90.3,2.0656344942040223,23.537212990000626,90.36,2.2762714678869895
90.48,2.1048464144387697,23.51832013999956,90.0,2.3452933624381695
91.03999999999999,2.0912559959371966,23.504951107001034,91.08000000000001,2.286564180912872
90.44,2.127653063953491,23.539808224999433,89.28,2.461784030855255
91.06,2.094168505673688,23.544485544000054,90.52,2.4286921585935652
91.56,2.118053589008415,23.541363353000634,90.82000000000001,2.428895680077041
90.5,2.0855705614148645,23.45318462599971,90.56,2.326627112573562
91.75999999999999,2.111987171130539,23.562603207999928,91.42,2.3233856670343322
91.38,2.106622968020427,23.511436352999226,89.98,2.473094700311537
89.68,2.103989574787696,23.453725528001087,90.18,2.346007971344658
91.46,2.1217889253236004,23.457328234999295,90.42,2.341494891080138
91.0,2.101844453710059,23.652306836000207,90.2,2.3958263181228676
90.3,2.10634406091605,23.481143466000503,89.74,2.5045597827790886
89.48,2.086234138744033,23.486529255998903,89.82,2.364542453735745
91.82000000000001,2.1352737286719203,23.443931337000322,90.06,2.5598832555175917
92.96,2.16294584010734,23.40399357700153,91.14,2.4493401765655523
89.46,2.053516424561158,23.50547645200095,90.10000000000001,2.327194236301347
89.94,2.083088731246943,23.468616758998905,90.3,2.462166459786493
90.74,2.1109675545791893,23.442282422000062,90.28,2.457435171248665
91.44,2.1160424887594083,23.45400119199985,90.14,2.6098010994624996
90.38000000000001,2.071958172638708,23.453538358000515,90.64,2.2912925444993872
90.14,2.0745372924317484,23.556494639000448,90.18,2.2617908964446456
92.34,2.1233643563758564,23.512309319999986,91.4,2.392919215538248
92.08,2.1207547946635894,23.483328354999685,90.8,2.434979232521282
90.84,2.096105518371243,23.421510576999935,90.32,2.337767463706324
91.12,2.127153024043078,23.54323709900018,90.18,2.7384934761956004
90.58,2.0940538821059644,23.552223847998903,90.25999999999999,2.3534735296998326
91.66,2.0865028962019054,23.430808813000112,90.64,2.370922205141694
91.16,2.0874087935145957,23.41879962600069,90.53999999999999,2.4327044337135924
91.72,2.1244711798497455,23.46313309300058,90.7,2.3748288678243976
90.4,2.0997302931490527,23.479779711000447,89.7,2.415260836716952
90.44,2.080576906622967,23.564360922999185,89.72,2.3715119751357694
91.22,2.0962679513466442,23.536493944999165,90.78,2.328062445474924
91.72,2.1032915472575953,23.48629810300008,90.72,2.4337600741149488
90.68,2.1168605630415875,23.471685561000413,89.7,2.409426136579531
91.60000000000001,2.1021474004913965,23.462433190999946,91.03999999999999,2.408921359921826
89.4,2.0888047291975234,23.481755849001274,89.56,2.336332395506339
90.68,2.0868773256823654,22.031896344000415,89.9,2.3606945730561297
91.08000000000001,2.109263629118554,22.981930689000365,90.66,2.523997053354302
90.78,2.0762117865999303,23.483172780999666,90.38000000000001,2.378000200928758
92.36,2.1428509469121093,23.432563304000723,91.06,2.400511673102687
89.02,2.0638625004793467,23.560673927999233,89.64,2.6450469489671473
92.78,2.1120097686309554,23.60106396900119,92.06,2.3201794223622287
92.0,2.0979671613248585,23.41709248099869,91.03999999999999,2.3844749578727
92.0,2.1135669824973484,23.56883188199936,90.14,2.4373512083191433
89.82,2.0768041790018246,23.482258669999283,89.46,2.310810980462741
90.2,2.064299130961706,23.496630868001375,90.53999999999999,2.3153015643806456
91.64,2.1204218614475385,23.5816093859994,91.52,2.4428517300679955
90.62,2.082237091350383,23.443961622999268,90.0,2.2333430764749806
91.22,2.09615669861507,23.424351057999957,90.42,2.352012666597764
91.3,2.117816495255583,23.39038203600103,89.9,2.361449804637428
89.88000000000001,2.0887492483870926,23.40343591599958,88.98,2.2625275023925404
92.5,2.1300013517374436,23.453764623000097,91.46,2.41095562259472
91.60000000000001,2.089603383379577,23.461142094000024,91.10000000000001,2.4147006411618355
92.16,2.118824592210883,23.51145715200073,90.68,2.536030979527076
89.88000000000001,2.0780749973784904,23.452865393999673,90.7,2.924033578224586
92.12,2.113069324786119,23.4398534990014,90.9,2.477833212569797
92.62,2.1491558691343675,23.475520684000003,90.52,2.3863790048888136
91.10000000000001,2.1105916227018313,23.402115554001284,90.46,2.3093235453550873
90.12,2.0445593738274277,23.524807955000142,90.28,2.2633123111893494
90.52,2.0780358567458483,23.390463617999558,90.36,2.4577302700748107
90.82000000000001,2.0953633201793274,23.428362550999736,90.60000000000001,2.3480397817675094
91.08000000000001,2.1013372986911745,23.503344112999912,90.68,2.46377254636708
91.14,2.087889815587455,23.800259409999853,90.66,2.3582392900346387
91.97999999999999,2.10810173110319,23.391286238000248,91.06,2.366523322250582
89.92,2.0629187430240723,23.49194292700122,89.56,2.288329465929432
90.4,2.102449209155354,23.415270698000313,89.75999999999999,2.346907979850495
91.88,2.099087839514468,23.663831515999846,91.94,2.44655667779511
92.94,2.1369289579047117,23.610185696999906,91.38,2.398500396579606
89.32,2.0663941660436205,24.72211361099835,89.32,2.802398881265918
90.58,2.0860071544162566,25.411991474000388,90.44,2.370764413240245
92.92,2.151253456647764,23.47805172900007,92.24,2.4053961198407743
88.96,2.081337080592322,23.366369519000727,89.42,2.353261566294474
90.94,2.0911741685352343,23.478035039001043,90.60000000000001,2.3724547181778544
90.58,2.0815960366481105,24.98929629399936,90.32,2.665305534514471
93.17999999999999,2.1323300753597665,24.643529742999817,91.94,2.3773957377878103
93.17999999999999,2.1378413732449792,24.852052768999783,92.06,2.3927285752379888
91.7,2.1211213277216503,25.39673724699969,90.60000000000001,2.3324204968266655
91.67999999999999,2.1212780378799647,25.128938252999433,91.38,2.736626748801299
90.44,2.0860450603913607,24.999745244000223,90.48,2.666854912491425
91.67999999999999,2.1092465015432804,24.977196977000858,90.3,2.3701137876127234
92.16,2.1328823605225913,25.126322187999904,90.4,2.4250273350749203
90.78,2.083579688638926,25.245823813000243,89.8,2.3616698249277137
91.22,2.108097229283986,23.71283450199917,91.0,2.6535618954738878
92.10000000000001,2.120771344096313,23.53070259999913,92.0,2.4176525066635093
91.36,2.104661008612182,23.39578624800015,91.34,2.346012506646069
89.92,2.0712957905226155,23.45160985399889,90.03999999999999,2.342766270019005
89.96,2.0723404517665034,23.50286736199996,90.42,2.3407052000627875
91.58,2.1045188075185566,23.374997071001417,90.72,2.4285783599023043
92.42,2.120475486585651,23.757914951000203,91.0,2.5912872123977566
91.88,2.118613513679401,23.783725686000253,90.88000000000001,2.405170223091865
92.25999999999999,2.102215081535024,23.68398917400009,91.94,2.3456567524774123
90.3,2.076554405861275,23.77067862900003,89.94,2.3176599908807
89.46,2.1028370253930326,23.574863130999802,90.34,2.5885819141576163
91.10000000000001,2.10836819980724,23.516574724999373,90.25999999999999,2.2566497189270027
90.8,2.084869239176629,23.51339054700111,91.08000000000001,2.448868437394613
90.86,2.0905603995844437,23.45057654499942,90.98,2.2995035202191905
90.12,2.060479775459923,23.607623596999474,91.3,2.346241063314593
92.22,2.1135275655665433,23.691276800000196,90.58,2.4916855629558117
90.96,2.126261057657416,23.500718474000678,89.92,2.349907881485634
91.46,2.097086599101325,23.429917359000683,90.86,3.0644669013770796
91.08000000000001,2.130701009262621,22.709965581998404,89.86,2.3482120731769465
90.06,2.103719758143324,21.94788476499889,89.64,2.3266903966336137
93.02,2.1475336647458443,23.473226752999835,90.75999999999999,2.4705413179790927
92.4,2.1228055494417672,23.44666427500124,90.74,2.5712013191931593
90.68,2.081267080046095,23.526414384999953,90.38000000000001,2.455730373510367
92.32000000000001,2.104261602567405,23.44696343099895,91.56,2.33297484335317
91.2,2.123916829211278,23.501742600999933,91.4,2.419022836686361
91.56,2.1104551094640134,23.538436755001385,90.38000000000001,2.4020246000541214
89.52,2.0879760615361165,23.386352282999724,90.18,2.5568745567412714
90.9,2.1086854974520914,23.459871692999513,90.94,2.4992457265990167
93.28,2.1714758970264625,23.458836539999538,91.44,2.511426974225087
91.56,2.113927959047534,23.429158795999683,90.52,2.3336912540827326
91.06,2.0888955420451434,23.49859576199924,90.52,2.2727722312988794
90.53999999999999,2.0885197343957023,23.429731731001084,90.60000000000001,2.8324422763521944
91.0,2.112516662485413,23.434307417999662,90.46,2.3449838244764085
91.88,2.1144290346361214,23.426748620999206,90.98,2.36551425059941
91.96,2.1124324883219256,23.437160334999135,90.48,2.913454801372191
92.9,2.1180494156581493,23.49620866800069,91.60000000000001,2.4023260629658996
90.2,2.092242511865361,23.383044149999478,89.4,2.322268060489774
92.16,2.1206897823551616,23.43039619999945,90.88000000000001,2.6030206919927537
91.82000000000001,2.082827535230547,23.533275187999607,90.28,2.4674699864417375
90.44,2.0790904834919086,23.45789483199951,89.74,2.52830965264167
92.94,2.1854751393810585,23.47225622899896,91.47999999999999,2.457353399089789
90.03999999999999,2.0792218698274225,23.4233065540011,90.4,2.310942561489217
92.46,2.140516278617651,22.16854898299971,90.92,2.3830943829242983
91.66,2.0706666658649544,22.237108609999268,91.34,2.3151153604829147
91.74,2.100924260649536,23.731888645001163,90.96,2.7060574724516444
92.2,2.132207564061342,23.748034543999893,90.96,2.8036146558375323
89.98,2.0851075058840847,23.70079561000057,90.2,2.4121996949177826
90.88000000000001,2.108678213166483,23.821170931998495,90.9,2.6451258896626872
90.32,2.0904042779132155,23.819335348000095,89.82,2.4062058201956336
90.68,2.0644786906638997,23.804129973999807,91.25999999999999,2.297145710327645
91.84,2.123476124829095,23.6943432019998,91.60000000000001,2.825997589602524
91.42,2.098914623121717,23.69730526999956,90.42,2.5936401020555486
91.74,2.1141186947578077,23.742645280999568,90.75999999999999,2.3812292965898267
91.82000000000001,2.109716500453159,23.6536146419985,90.75999999999999,2.3955233974433825
90.10000000000001,2.076311396059636,23.71608546800053,90.0,2.397064813121437
90.14,2.0757610628747525,23.758531323999705,91.14,2.3991800281219313
91.10000000000001,2.091985096704841,23.669830045000708,90.0,2.3064305175040927
92.22,2.111869788669367,23.714358822000577,91.36,2.4417316852129334
91.2,2.070537059237781,23.67471931200089,90.16,2.5916618784875003
91.16,2.1262654936272787,23.732881402000203,89.62,3.2839076921958172
90.88000000000001,2.120444183761804,23.703596019999168,90.52,2.3431723494758985
90.68,2.0912053854700585,23.119722012001148,90.82000000000001,2.400079618879022
92.62,2.092483871225313,20.87210714200046,91.46,2.863129866222928
91.2,2.1140627116182484,20.926028108999162,89.88000000000001,2.3460678629832774
91.72,2.1160127279264804,20.907048576000307,90.86,2.414829969015483
92.28,2.1078761655743152,20.9626029810006,91.2,2.4011167276954946
93.14,2.1291797156282706,21.001494744999945,91.67999999999999,2.483313133721504
90.56,2.098999543688992,20.962746645000152,90.28,2.2932141925091996
91.67999999999999,2.098187184761591,20.934137311000086,90.18,2.3764883767573703
90.44,2.0773739383124084,20.89192960999935,90.0,2.307503709539738
91.2,2.1107505913953206,21.002985958000863,90.78,2.494552454805816
90.98,2.107279418542211,20.975815072999467,89.42,2.3449659702683014
91.84,2.104655863259828,20.950210472001345,91.14,2.436658083261901
90.72,2.086272893486198,20.82820833200094,90.38000000000001,2.5173359416937586
91.25999999999999,2.138090551844566,20.779462250000506,90.25999999999999,2.3047932103489486
92.9,2.1433919421224727,20.744420500999695,91.16,2.7260801581851135
91.66,2.0961481971799514,20.787566269002127,90.66,2.5202765835197423
91.14,2.085946539218521,20.80555147799896,90.56,2.4541014892195783
89.92,2.0649732150371367,20.815688206999766,90.14,2.25994947495117
90.28,2.074486869954678,20.775268397999753,89.74,2.339717467832539
91.74,2.121656219373612,20.764094236998062,90.72,2.394872214487028
90.02,2.1299597315082863,20.748612411000067,90.46,2.4320592898985463
93.16,2.1888410149887148,20.682697480999195,91.58,2.5964928407360826
89.68,2.066618472206079,20.8313007809993,89.42,2.292984826510751
90.2,2.0632746426420643,20.699562216999766,89.98,2.3691192553966314
92.60000000000001,2.1404099060891255,20.747616502998426,91.47999999999999,2.8286760302523763
91.0,2.1163529711517377,20.772174902998813,90.22,2.414978342676837
90.56,2.0961531357301117,20.699503498999547,90.28,2.268815263543887
91.4,2.13570452370234,20.770173141001578,90.4,2.5274367557316757
90.86,2.0943901877050033,20.781545189998724,91.2,2.4680513706366534
92.16,2.1395573445465734,20.752188166999986,90.48,2.417424347321877
90.24,2.052607862759875,20.763315815998794,90.64,2.2915714350031378
91.44,2.1018453004339404,20.739292460999422,90.94,2.40809568314355
90.9,2.106895653728863,20.73309078100283,91.47999999999999,2.4464946190325927
92.28,2.1176179881478396,20.722670654999092,91.42,2.3611319492071083
91.42,2.0896868630379437,20.77982529700239,90.48,2.3828049751068994
92.7,2.1204746519599387,20.720654020999064,91.28,2.369014164744554
91.10000000000001,2.092695794121823,20.74972966600035,90.25999999999999,2.355960184839011
91.34,2.1253028608566504,20.716543804999674,90.28,2.398803338752502
91.42,2.127575087740089,20.745992131000094,90.86,2.339477354676488
91.46,2.0739463575288575,20.782010588998673,90.75999999999999,2.3040333137822295
90.02,2.0796610435933,20.782734928001446,90.08,2.2638868939494654
90.18,2.0899097498544688,20.713397425999574,90.16,2.8622234658937256
91.24,2.0987631242341913,20.73861744700116,89.84,2.316659640927234
90.86,2.0901580712757,20.691748733002896,90.46,2.4025154775996276
92.04,2.096855672310812,20.671876603999408,91.42,2.383957996676847
91.10000000000001,2.1040037627409633,20.74278760300149,90.78,2.3113438758916165
91.42,2.1128633833233765,20.77139217000149,91.08000000000001,2.41776753355208
91.14,2.110169891552026,20.722094995999214,90.44,2.27797285531926
91.14,2.0917367232874597,20.72946217400022,90.38000000000001,2.4138328809906504
91.32000000000001,2.1176358883189983,20.68426191799881,90.24,2.304947132647755
91.82000000000001,2.103471021455092,20.687452213998768,91.06,2.3689697718085263
90.86,2.107683372690269,20.692804768001224,90.2,2.2996807265155264
92.32000000000001,2.134544841544139,20.658849678002298,91.08000000000001,2.376195250396414
91.22,2.081830157271416,20.72174810499928,90.18,2.428405339958302
90.62,2.087616100592503,20.716013917000964,90.52,2.8410866782997766
92.06,2.1108905174642336,20.707194671998877,90.74,2.336751303754276
91.34,2.1200033028652987,20.6813811480024,90.28,2.455424039922257
90.18,2.0857626674097083,20.76599074400292,89.75999999999999,2.2961128085322953
92.2,2.1008985403857925,20.688152921000437,91.02,2.4007270608915716
92.24,2.092828775196268,20.79102503499962,90.75999999999999,3.2836757129938383
92.24,2.135756760106918,20.74296950200005,90.66,2.3340631791757054
90.98,2.0993331830646595,20.79925135099984,90.12,2.381822486440326
91.66,2.091333749284774,20.807340985997143,90.88000000000001,2.3314015795529843
89.5,2.067376040724769,20.752930848000688,89.42,2.3342643787563673
92.17999999999999,2.102657116661883,20.745703450000292,91.32000000000001,2.4091011384234
90.72,2.1174179688595354,20.771075103999465,90.58,2.3991380906080106
90.8,2.0722576766033862,20.655373254998267,90.92,2.2470224955268017
90.48,2.083439580331083,20.720776445999945,90.14,2.8088664914674912
89.22,2.0699154239795847,20.741853342999093,89.5,2.4015884911710788
90.22,2.1086630077204505,20.684441061999678,90.14,2.363605703276544
90.34,2.065319803274002,20.79007375999936,90.03999999999999,2.3832112410682313
91.2,2.1164757859677317,20.80358097000135,90.74,2.3487781887595798
91.32000000000001,2.0954291303893,20.743136363002122,90.92,2.3532656396829967
90.7,2.098765864769779,20.89127424599792,90.36,2.5936636597985085
90.56,2.1145929471766123,20.755456963997858,89.78,2.3651436496079143
91.4,2.1064225625919994,20.77230047500052,91.14,2.971141436326094
90.28,2.1079465532573725,20.67885337000189,90.06,2.3029198902730474
90.0,2.0764392329307975,20.75548122300097,90.14,2.4371592019453048
91.56,2.1326085785662117,20.732364102997963,90.68,2.4135583166122903
90.98,2.100611589707598,20.759710954000184,90.14,2.374243298567947
91.46,2.1082983584020005,20.789449756997783,90.74,2.3982144543259847
91.08000000000001,2.093346186548272,21.309017710998887,91.03999999999999,2.5286863371389443
91.08000000000001,2.1119138547467986,21.391288827002427,90.72,2.7791552563737913
89.62,2.085550740279001,21.403608282998903,89.42,2.3060479139076566
91.18,2.099706358124725,21.46308532400144,90.4,2.4222706583747664
91.42,2.100080281654249,21.527817264999612,89.98,2.3077575618605324
91.46,2.123701713422573,21.520650067999668,90.68,2.4723691013346243
89.94,2.0827449788386283,21.376996200997382,90.22,2.2973561610396116
90.16,2.0895314949597217,21.501552531000925,89.92,2.310679269666156
89.22,2.0604745241127858,21.342182735999813,90.5,2.2804085260399485
90.56,2.0883795605604463,20.687562078001065,90.32,2.3425875963056413
91.52,2.1068505076681974,20.761135139000544,90.8,2.3591845987515305
90.06,2.0746148487737455,20.79065043299852,89.42,2.3308149461230516
91.47999999999999,2.135776709139373,20.722340939002606,90.64,2.401919297026327
90.25999999999999,2.086299947954774,20.794583499999135,90.0,2.3479420851469754
90.68,2.089880097632843,20.79207530200074,90.36,2.3188931900354643
91.60000000000001,2.1276469461044942,22.026257394001732,91.44,2.4366248990912873
92.2,2.106535156083262,20.873767908000445,91.06,2.4010584301359783
90.12,2.0777766939275826,20.843683932002023,90.38000000000001,2.3845922583673818
89.88000000000001,2.082670438248863,20.832719458998326,89.08,2.2914188722081557
89.86,2.074090801269824,20.943419190996792,90.44,2.2468801160739824
92.14,2.1264901633688584,22.090436226997554,90.60000000000001,2.434530771370133
92.62,2.1387725617288926,21.021260857000016,91.36,2.6977460309376204
92.67999999999999,2.1280138415599414,21.017167187997984,91.67999999999999,2.440199183160869
90.08,2.072937125329973,20.838091591002012,90.66,2.466299421754881
90.24,2.0748308538978084,20.842537861000892,90.3,2.3110816505993754
90.3,2.084948900616212,22.127815736999764,90.08,2.3337882245882895
90.58,2.109410784062463,20.818686836999404,90.34,2.324938698706733
89.4,2.062284990255933,20.817725962999248,89.98,2.369927924509118
91.08000000000001,2.0767909931217328,20.832513574001496,90.28,2.291504693818819
91.86,2.128277078609692,20.718252628998016,91.08000000000001,2.335677943789
92.64,2.1296517190360813,22.058862476002105,91.92,2.88389623192609
90.74,2.10135291600177,20.772202202002518,90.5,2.362853553807777
90.28,2.084811705939325,20.806102458998794,90.03999999999999,2.313324039392249
90.22,2.076745004971052,20.852071773002535,90.52,2.4000472309649203
90.86,2.0910081178816666,20.781927027001075,90.3,2.3385336644685326
93.34,2.1439759331006045,22.00891634299842,91.62,2.4536064296158324
91.0,2.1062610221613203,20.77817340799811,90.28,2.3817330269012267
92.36,2.1292279278752986,20.798385784000857,91.5,2.3399226832268445
91.47999999999999,2.1222032846876893,20.804259475000435,90.25999999999999,2.3880737554301072
91.14,2.1078789910817513,20.774588017000497,90.62,2.380906180947396
88.38000000000001,2.0576491698521306,22.11460446199999,89.24,2.4253786243443423
90.98,2.074391865778584,20.843238921999728,90.25999999999999,2.3343520414258565
90.98,2.096184882444178,20.835264735000237,90.46,2.3828051867619835
91.12,2.1042097227855425,20.899456787003146,90.75999999999999,2.3530451426441608
91.66,2.141162153187442,20.92032018700047,90.74,2.4368096011651867
92.10000000000001,2.1032535306605853,22.16191083800004,91.02,2.4380004784741023
91.2,2.119323679982307,20.860790734001057,89.96,2.367734193274637
91.34,2.0764166222000844,20.933973338000214,90.78,2.7116375873024934
91.02,2.0966990310876352,20.998443968001084,90.3,2.3945303092992263
91.52,2.1124563740414377,21.098267957000644,90.88000000000001,2.7992421360373068
91.14,2.0963314665139317,22.046025610998186,90.16,2.355995390258931
90.94,2.097127381684161,20.93372398200154,90.34,2.378087876560047
90.96,2.1022613872722298,20.89609168199968,90.42,2.3010909229541587
91.56,2.087942105664656,20.901063655001053,90.8,2.3754748804352386
92.80000000000001,2.1546555136280725,22.12540439499935,91.34,2.8038333541752496
91.2,2.0888153316174534,20.905511069999193,90.2,2.3136426668738177
90.18,2.0837404167085594,20.950201911000477,90.0,2.2705370755720513
92.75999999999999,2.138786566259496,20.862098065997998,91.2,2.658962664274469
91.4,2.1172108712025146,20.846570798999892,90.84,2.3619142514742184
91.53999999999999,2.111434068965435,22.16051131799759,91.03999999999999,2.3897296714157092
90.46,2.0931268042166273,20.899587478001195,90.3,2.368006599625908
89.53999999999999,2.069943803029391,20.838907443998323,90.2,2.307168742235767
90.10000000000001,2.0982445518407045,20.891505815001437,90.03999999999999,2.43072229647504
91.56,2.1164296254706234,20.921194648999517,90.82000000000001,2.4122244020801777
91.0,2.08650547091403,22.183565417002683,90.24,2.3625407600280335
91.06,2.0932010376715975,20.804361593000067,91.5,2.4253201649170935
92.28,2.1600642966256514,20.901428782999574,91.24,2.4492964378736697
92.12,2.107353688397525,20.8653523269968,90.92,2.448884483752796
91.84,2.113980834219908,20.823949932000687,91.18,2.4083337676369685
90.94,2.0909585123596837,22.068812688001344,89.94,2.351273950906145
90.12,2.106092133312796,20.890277621001587,89.60000000000001,2.3406972070639465
90.24,2.0820813844531143,20.90235608399962,90.48,2.4077669611227592
92.42,2.1663870154289167,20.84498769000129,90.75999999999999,2.451175282133401
89.05999999999999,2.087913447498105,20.860387033000734,89.3,2.259651763103389
90.62,2.0986174238987343,22.17362250899896,90.42,2.4606954859482015
90.74,2.090953061956838,20.881280315003096,91.2,2.2357606820417093
90.42,2.0935355876821857,20.87832372699995,89.86,2.3795503127791435
93.22,2.1485076006706607,20.823623172000225,91.66,2.504628374985387
90.24,2.099242111185882,22.12849434099917,89.36,2.5156497216617653
91.18,2.090593367262379,20.91566186199998,91.18,2.3205255388673764
90.3,2.107626969375931,20.83438785600083,90.10000000000001,2.451867062815436
90.62,2.090542375248615,20.823579978001362,90.02,2.3656320876115524
90.8,2.1089198882639058,20.83834145700166,89.03999999999999,2.3459605329713464
91.53999999999999,2.0748258991686375,22.134520909999992,91.28,2.417867578296931
91.46,2.131617132536709,20.890529689000687,90.06,2.4181951145743352
90.34,2.080134663681614,20.834690662999492,90.0,2.249450096752916
89.98,2.1012308103447115,20.92678296700251,89.58,2.5547830573094568
92.2,2.1110187849534174,20.848834747001092,91.18,2.420720754348454
92.92,2.1500703894488695,22.103597518998868,91.28,2.734701224061779
92.06,2.114596546852268,20.798670542000764,91.32000000000001,2.3877199868082224
90.72,2.103572342792801,20.874129332998564,89.82,2.4296396790224293
90.4,2.0858023814947013,20.8413721600009,89.96,3.151310003444903
89.96,2.0819679042535646,22.18256123699757,89.42,2.357888356255696
91.64,2.1311230587158936,20.90754618700157,91.0,2.4010835877951067
89.92,2.057766977976119,20.90914064900062,90.10000000000001,2.310017521434505
91.36,2.0874163311877423,20.836011990999395,90.32,2.3561408244517077
90.4,2.107413015345472,20.900803521999478,90.14,2.416715372165212
91.9,2.1096520193043014,22.127741620999586,91.02,2.3614175930813395
90.66,2.0822887013396754,20.92571093800143,90.0,2.4003727490754025
90.60000000000001,2.084275926261931,20.85145064700191,90.46,2.3457569677058077
92.12,2.121893577741131,20.814188477001153,90.74,2.4611467044833852
88.66000000000001,2.067932201902688,20.91868654299833,89.84,2.2987513643124515
90.9,2.080228467657172,22.19038536699736,90.53999999999999,2.370621969633542
90.18,2.1044974607202747,20.85772007200285,89.92,2.2845717301865887
89.8,2.0885577016245302,20.914774283999577,89.2,2.5989734973836827
90.46,2.0916629508031024,20.907781650003017,89.9,2.3085808719654084
91.14,2.1131683015250777,21.79373101699821,90.66,2.342137571318305
91.62,2.125400952499585,21.332012966999173,90.72,2.444904633878814
90.62,2.087159270310898,20.971796558002097,89.72,2.780476779332965
91.47999999999999,2.1280707235215193,20.900677970003017,90.46,2.3479034693781786
91.82000000000001,2.1284122422444907,20.88074590799806,90.88000000000001,2.397688914279695
91.25999999999999,2.1378636016526587,22.064360909000243,90.48,2.7785700451152517
92.10000000000001,2.0881025626444867,20.873345954001707,90.72,2.3937983972259747
90.44,2.07521623130055,20.84967246800079,90.8,2.249194048442977
90.7,2.085008244111923,20.880018456999096,89.98,2.3307156295389255
93.42,2.1692824703499594,20.82107957399785,91.3,2.441435569623249
90.53999999999999,2.0757474370186233,22.191380934000335,90.38000000000001,2.281984403855905
92.14,2.1424735682082727,20.885194795002462,90.66,2.4959990004919748
91.2,2.131922371675801,20.888866605000658,90.28,2.4184405006137806
90.42,2.084842368784248,20.934738657000707,90.12,2.3033532576727813
90.4,2.1047498379187495,22.1898547210003,90.64,2.3855511569139436
91.10000000000001,2.0887034950505297,20.943175377000443,90.4,2.3384507511001806
90.34,2.0678703031326373,20.88085722499818,89.9,2.301979336179119
92.42,2.1404249275033713,20.907566437999776,91.0,2.4437659506893783
91.32000000000001,2.111254718964689,20.88059097600126,90.84,2.4098366587989215
89.48,2.067393210951589,22.16179881300195,89.84,2.322420273267446
92.06,2.119439185936076,20.95385002400144,90.10000000000001,2.4100609017766597
91.58,2.083644575690363,20.865491256001405,91.44,2.4987931093822517
90.74,2.089077950429856,20.87048408100236,90.08,2.3586646970108966
91.96,2.102110111195168,20.760235401998216,90.9,2.666097107703007
90.18,2.0942193578088815,22.09490536800149,90.34,2.5705971629377804
91.64,2.1115286276077208,20.665570879998995,90.3,2.261579311104294
90.56,2.103235320396946,20.775419187000807,89.98,2.349736924603003
91.5,2.101632543216109,20.7020053870001,91.0,2.6520660070621633
92.97999999999999,2.14889417807921,22.108918674999586,91.8,2.7871000063876803
89.3,2.086015521394628,20.7903771099991,88.82,2.3506002961606347
90.44,2.0886995912693114,20.840522882001096,90.25999999999999,2.5018081367642044
90.36,2.088612519544638,20.75710921299833,90.32,2.273928114482686
91.12,2.100565898751251,20.830756740000652,91.0,2.3455072035256155
90.38000000000001,2.104893909033337,21.999785375999636,90.66,2.3563010068616923
93.66,2.155370688597635,20.842412821002654,92.12,2.4514138372228786
92.4,2.154761222607938,20.898021315999358,90.88000000000001,2.6839234904796174
91.60000000000001,2.110524032188004,20.832608143999096,90.86,2.3494687423986376
91.53999999999999,2.113537335479341,20.818843896002363,90.72,2.9563385301411946
90.25999999999999,2.097537866820658,22.106924078998418,90.14,3.2617008174329394
93.04,2.138200929789677,20.842785944998468,91.4,2.491194717194856
91.24,2.0896516993731864,20.875663521001115,90.74,2.337568303823858
91.96,2.120287169744495,20.883291262001876,90.82000000000001,2.349628951648326
91.5,2.1249992795535038,22.14902851000079,90.74,2.4397343181231532
91.60000000000001,2.100780577832399,20.913594088000536,91.28,2.387920468263522
90.9,2.083217328896768,20.813397445999726,90.28,2.3822953732569685
91.14,2.1169099043809023,20.87024750600176,90.62,2.3894088646984692
90.96,2.078269953285741,20.911007765997056,90.52,2.4720904208956207
91.92,2.10233317308804,22.171515098998498,91.34,2.3948260998373865
91.97999999999999,2.109525288556837,20.82009932800065,91.53999999999999,2.479347675155852
91.25999999999999,2.115999510663642,20.906397696999193,90.72,2.492018638940255
91.22,2.1119841053819908,20.874756165998406,90.34,2.4482634001359815
92.25999999999999,2.0974269989977294,22.071240240002226,91.58,2.4046756499194277
92.02,2.128304749116794,20.898470226999052,90.7,2.3519727076011967
91.78,2.119300514304441,20.87195567999879,90.96,2.353989913992253
91.94,2.0973813779207755,20.83659499499845,90.28,2.363488698887529
91.08000000000001,2.1021082219691904,20.889112011998805,91.0,2.3339690516598197
91.32000000000001,2.108537703979992,22.164116096002545,90.44,2.3170677765919407
91.74,2.0989452041368533,20.875544328002434,91.08000000000001,2.3974589195282885
89.75999999999999,2.1126635034121124,20.844636345002073,89.5,2.2718945071539594
91.92,2.1401670433701665,20.872513253998477,90.48,2.3516371303595873
91.92,2.107529946408456,22.19270200200117,90.52,2.4020964455085028
92.5,2.1086072644005305,20.84488563600098,92.28,2.3155048720591074
90.12,2.0871651003772334,20.853454681000585,90.18,2.3427479407252556
90.12,2.0692612706485023,20.916774859000725,89.46,2.575239797965323
91.38,2.1218988395627707,22.07113042600031,90.72,2.416730497433379
90.74,2.0911256250960704,20.98926039000071,90.4,2.356381467567608
90.0,2.0963775553318924,20.844340748000832,90.25999999999999,2.2923184688235216
91.36,2.1231264398626384,20.752205273998698,90.18,2.4295099092738512
91.88,2.12325554938986,20.88558873400325,90.64,2.393785252551487
89.5,2.087623635377798,22.167942118998326,90.08,2.527841178874844
92.58,2.1369286990231386,20.838371788002405,91.5,2.5505991437568203
90.42,2.0896400859117383,20.78799637100019,90.06,2.495053584277981
92.22,2.123679672874223,20.823946951000835,90.75999999999999,2.4508991515241085
92.38,2.113550260118245,21.432466449001367,91.56,2.417428025268417
90.44,2.095683863474157,21.524090069000522,90.52,2.3133747575671286
90.56,2.1044449141254047,20.790941061997728,89.12,3.21144397482378
91.58,2.111401036493251,20.821918264999113,90.52,2.3957165219070746
91.32000000000001,2.121470621043128,20.87605271799839,90.78,2.3521852567489137
90.44,2.100521221765373,22.056337173999054,90.56,2.4675714014243075
90.46,2.080055639035597,20.824741530999745,90.08,2.3650149679917187
91.46,2.109973795323301,20.905622256999777,90.4,2.3692271393327964
90.28,2.100101917795809,20.858718433999456,89.98,2.2591127750290285
92.84,2.11968878578575,21.62412466100068,92.17999999999999,2.448851916220027
92.42,2.1145394550548446,21.289635929002543,90.7,2.3090689772901953
91.64,2.1008720404163093,20.82725236799888,90.46,2.3775799239571462
90.92,2.1001596895943533,20.833813332003047,90.38000000000001,2.4605563702753783
91.86,2.1161885402191323,20.810353966000548,90.8,2.4118294727556937
90.66,2.0739137616027796,22.1048412559976,90.44,2.3346873541055424
90.56,2.0720435545461884,20.87230912999803,90.68,2.2796123510327173
92.74,2.143437736993252,20.85866182600148,91.56,2.441700471039511
90.74,2.1082509517028623,20.776769707998028,89.53999999999999,2.2577727893413533
90.02,2.0793612238450994,20.76117538700055,89.94,2.343018943305164
92.64,2.1077607355982386,22.079506657999445,91.4,2.339715087381383
93.34,2.1472623445535626,20.73118512400106,91.53999999999999,2.4437056450153714
90.98,2.075972715407295,20.75033490399801,91.02,2.39476484377007
92.78,2.1549833924336186,20.7051705140002,91.52,2.413149696832398
92.36,2.1381338928002362,21.95714294299978,90.88000000000001,2.4531669681473844
89.68,2.0868587681318793,20.673625251001795,90.08,2.236707434348339
90.46,2.0905509317551725,20.720444671998848,89.9,2.319516139795857
92.86,2.1441098196278316,20.86608145399805,91.75999999999999,2.4215233626516937
90.92,2.0813221993843327,20.734859655000037,91.06,2.5152150810192557
91.66,2.13952621857395,22.068368197997188,91.25999999999999,2.4329680174282076
91.92,2.116481363046652,20.860817008000595,90.34,2.379908634124435
90.38000000000001,2.073261439477718,20.886999411002762,89.52,2.301537302721916
90.5,2.077487758968127,20.90980605599907,90.88000000000001,2.3855100699585177
90.3,2.0890519819308757,22.091139416999795,89.56,2.3683896710472387
92.58,2.159254890085669,20.93326609200085,90.94,2.4184517940318417
90.24,2.083924107406441,20.818695697002113,90.60000000000001,2.2883822473548365
91.97999999999999,2.1091781903286475,20.750532032998308,91.12,2.487156586843131
